record_id,production_date,machine_id,product_id,units_produced,units_defective
1,2025-01-01,A-01,P100,465,6
2,2025-01-01,A-02,P200,394,7
3,2025-01-01,A-03,P500,312,9
4,2025-01-01,B-01,P100,496,12
5,2025-01-01,B-02,P400,536,9
6,2025-01-01,B-03,P600,646,19
7,2025-01-01,C-01,P300,335,13
8,2025-01-01,C-02,P300,352,9
9,2025-01-01,C-03,P200,395,4
10,2025-01-01,D-01,P500,378,7
11,2025-01-01,D-02,P600,600,9
12,2025-01-01,D-03,P400,564,13
13,2025-01-02,A-01,P100,446,4
14,2025-01-02,A-02,P200,389,2
15,2025-01-02,A-03,P500,360,6
16,2025-01-02,B-01,P100,552,17
17,2025-01-02,B-02,P400,521,8
18,2025-01-02,B-03,P600,637,10
19,2025-01-02,C-01,P300,332,10
20,2025-01-02,C-02,P300,327,12
21,2025-01-02,C-03,P200,403,12
22,2025-01-02,D-01,P500,336,4
23,2025-01-02,D-02,P600,584,13
24,2025-01-02,D-03,P400,531,7
25,2025-01-03,A-01,P100,480,4
26,2025-01-03,A-02,P200,392,1
27,2025-01-03,A-03,P500,357,6
28,2025-01-03,B-01,P100,451,11
29,2025-01-03,B-02,P400,522,9
30,2025-01-03,B-03,P600,606,9
31,2025-01-03,C-01,P300,317,9
32,2025-01-03,C-02,P300,310,13
33,2025-01-03,C-03,P200,390,9
34,2025-01-03,D-01,P500,375,5
35,2025-01-03,D-02,P600,595,10
36,2025-01-03,D-03,P400,553,9
37,2025-01-06,A-01,P100,424,4
38,2025-01-06,A-02,P200,358,4
39,2025-01-06,A-03,P500,354,6
40,2025-01-06,B-01,P100,480,11
41,2025-01-06,B-02,P400,555,9
42,2025-01-06,B-03,P600,631,10
43,2025-01-06,C-01,P300,327,6
44,2025-01-06,C-02,P300,319,10
45,2025-01-06,C-03,P200,376,8
46,2025-01-06,D-01,P500,370,7
47,2025-01-06,D-02,P600,630,10
48,2025-01-06,D-03,P400,515,10
49,2025-01-07,A-01,P100,413,3
50,2025-01-07,A-02,P200,349,10
51,2025-01-07,A-03,P500,359,6
52,2025-01-07,B-01,P100,482,15
53,2025-01-07,B-02,P400,525,11
54,2025-01-07,B-03,P600,583,10
55,2025-01-07,C-01,P300,316,13
56,2025-01-07,C-02,P300,359,9
57,2025-01-07,C-03,P200,396,9
58,2025-01-07,D-01,P500,348,8
59,2025-01-07,D-02,P600,609,13
60,2025-01-07,D-03,P400,534,10
61,2025-01-08,A-01,P100,499,8
62,2025-01-08,A-02,P200,356,5
63,2025-01-08,A-03,P500,356,5
64,2025-01-08,B-01,P100,516,7
65,2025-01-08,B-02,P400,581,10
66,2025-01-08,B-03,P600,593,18
67,2025-01-08,C-01,P300,326,8
68,2025-01-08,C-02,P300,355,6
69,2025-01-08,C-03,P200,354,8
70,2025-01-08,D-01,P500,367,3
71,2025-01-08,D-02,P600,676,12
72,2025-01-08,D-03,P400,540,10
73,2025-01-09,A-01,P100,402,4
74,2025-01-09,A-02,P200,360,6
75,2025-01-09,A-03,P500,339,1
76,2025-01-09,B-01,P100,522,14
77,2025-01-09,B-02,P400,531,9
78,2025-01-09,B-03,P600,557,13
79,2025-01-09,C-01,P300,333,12
80,2025-01-09,C-02,P300,345,8
81,2025-01-09,C-03,P200,376,6
82,2025-01-09,D-01,P500,341,6
83,2025-01-09,D-02,P600,680,16
84,2025-01-09,D-03,P400,553,8
85,2025-01-10,A-01,P100,481,5
86,2025-01-10,A-02,P200,375,4
87,2025-01-10,A-03,P500,338,3
88,2025-01-10,B-01,P100,480,8
89,2025-01-10,B-02,P400,497,12
90,2025-01-10,B-03,P600,671,19
91,2025-01-10,C-01,P300,332,10
92,2025-01-10,C-02,P300,368,15
93,2025-01-10,C-03,P200,378,7
94,2025-01-10,D-01,P500,369,7
95,2025-01-10,D-02,P600,613,16
96,2025-01-10,D-03,P400,486,5
97,2025-01-13,A-01,P100,502,4
98,2025-01-13,A-02,P200,370,6
99,2025-01-13,A-03,P500,329,4
100,2025-01-13,B-01,P100,510,16
101,2025-01-13,B-02,P400,536,6
102,2025-01-13,B-03,P600,627,10
103,2025-01-13,C-01,P300,336,11
104,2025-01-13,C-02,P300,303,10
105,2025-01-13,C-03,P200,368,9
106,2025-01-13,D-01,P500,342,7
107,2025-01-13,D-02,P600,638,14
108,2025-01-13,D-03,P400,528,6
109,2025-01-14,A-01,P100,470,6
110,2025-01-14,A-02,P200,371,6
111,2025-01-14,A-03,P500,362,10
112,2025-01-14,B-01,P100,488,14
113,2025-01-14,B-02,P400,529,9
114,2025-01-14,B-03,P600,622,9
115,2025-01-14,C-01,P300,336,9
116,2025-01-14,C-02,P300,390,14
117,2025-01-14,C-03,P200,368,10
118,2025-01-14,D-01,P500,330,7
119,2025-01-14,D-02,P600,618,7
120,2025-01-14,D-03,P400,506,11
121,2025-01-15,A-01,P100,401,6
122,2025-01-15,A-02,P200,355,8
123,2025-01-15,A-03,P500,396,5
124,2025-01-15,B-01,P100,468,10
125,2025-01-15,B-02,P400,483,8
126,2025-01-15,B-03,P600,690,12
127,2025-01-15,C-01,P300,313,12
128,2025-01-15,C-02,P300,390,8
129,2025-01-15,C-03,P200,379,5
130,2025-01-15,D-01,P500,396,5
131,2025-01-15,D-02,P600,598,15
132,2025-01-15,D-03,P400,541,7
133,2025-01-16,A-01,P100,454,3
134,2025-01-16,A-02,P200,373,2
135,2025-01-16,A-03,P500,356,2
136,2025-01-16,B-01,P100,506,11
137,2025-01-16,B-02,P400,541,8
138,2025-01-16,B-03,P600,617,17
139,2025-01-16,C-01,P300,320,5
140,2025-01-16,C-02,P300,341,9
141,2025-01-16,C-03,P200,421,8
142,2025-01-16,D-01,P500,345,5
143,2025-01-16,D-02,P600,616,7
144,2025-01-16,D-03,P400,563,5
145,2025-01-17,A-01,P100,470,3
146,2025-01-17,A-02,P200,398,10
147,2025-01-17,A-03,P500,329,7
148,2025-01-17,B-01,P100,500,10
149,2025-01-17,B-02,P400,527,6
150,2025-01-17,B-03,P600,607,13
151,2025-01-17,C-01,P300,362,10
152,2025-01-17,C-02,P300,338,13
153,2025-01-17,C-03,P200,393,6
154,2025-01-17,D-01,P500,324,5
155,2025-01-17,D-02,P600,666,11
156,2025-01-17,D-03,P400,553,8
157,2025-01-20,A-01,P100,456,7
158,2025-01-20,A-02,P200,371,10
159,2025-01-20,A-03,P500,363,5
160,2025-01-20,B-01,P100,525,10
161,2025-01-20,B-02,P400,589,11
162,2025-01-20,B-03,P600,644,14
163,2025-01-20,C-01,P300,335,8
164,2025-01-20,C-02,P300,362,9
165,2025-01-20,C-03,P200,404,12
166,2025-01-20,D-01,P500,362,6
167,2025-01-20,D-02,P600,633,13
168,2025-01-20,D-03,P400,549,14
169,2025-01-21,A-01,P100,455,11
170,2025-01-21,A-02,P200,367,6
171,2025-01-21,A-03,P500,364,7
172,2025-01-21,B-01,P100,464,7
173,2025-01-21,B-02,P400,499,5
174,2025-01-21,B-03,P600,626,14
175,2025-01-21,C-01,P300,345,10
176,2025-01-21,C-02,P300,349,14
177,2025-01-21,C-03,P200,396,8
178,2025-01-21,D-01,P500,318,9
179,2025-01-21,D-02,P600,627,7
180,2025-01-21,D-03,P400,572,11
181,2025-01-22,A-01,P100,479,9
182,2025-01-22,A-02,P200,395,5
183,2025-01-22,A-03,P500,356,7
184,2025-01-22,B-01,P100,500,8
185,2025-01-22,B-02,P400,532,6
186,2025-01-22,B-03,P600,629,19
187,2025-01-22,C-01,P300,314,8
188,2025-01-22,C-02,P300,372,13
189,2025-01-22,C-03,P200,369,10
190,2025-01-22,D-01,P500,378,5
191,2025-01-22,D-02,P600,653,14
192,2025-01-22,D-03,P400,553,6
193,2025-01-23,A-01,P100,518,8
194,2025-01-23,A-02,P200,335,6
195,2025-01-23,A-03,P500,342,1
196,2025-01-23,B-01,P100,529,13
197,2025-01-23,B-02,P400,498,8
198,2025-01-23,B-03,P600,588,10
199,2025-01-23,C-01,P300,344,13
200,2025-01-23,C-02,P300,315,20
201,2025-01-23,C-03,P200,388,7
202,2025-01-23,D-01,P500,370,3
203,2025-01-23,D-02,P600,611,7
204,2025-01-23,D-03,P400,534,4
205,2025-01-24,A-01,P100,439,4
206,2025-01-24,A-02,P200,382,4
207,2025-01-24,A-03,P500,344,6
208,2025-01-24,B-01,P100,485,3
209,2025-01-24,B-02,P400,562,10
210,2025-01-24,B-03,P600,570,9
211,2025-01-24,C-01,P300,290,4
212,2025-01-24,C-02,P300,357,17
213,2025-01-24,C-03,P200,391,10
214,2025-01-24,D-01,P500,388,2
215,2025-01-24,D-02,P600,580,7
216,2025-01-24,D-03,P400,525,11
217,2025-01-27,A-01,P100,459,9
218,2025-01-27,A-02,P200,365,7
219,2025-01-27,A-03,P500,334,4
220,2025-01-27,B-01,P100,515,17
221,2025-01-27,B-02,P400,494,4
222,2025-01-27,B-03,P600,579,7
223,2025-01-27,C-01,P300,331,12
224,2025-01-27,C-02,P300,361,8
225,2025-01-27,C-03,P200,375,15
226,2025-01-27,D-01,P500,347,7
227,2025-01-27,D-02,P600,600,11
228,2025-01-27,D-03,P400,538,14
229,2025-01-28,A-01,P100,448,7
230,2025-01-28,A-02,P200,401,7
231,2025-01-28,A-03,P500,374,3
232,2025-01-28,B-01,P100,489,8
233,2025-01-28,B-02,P400,596,6
234,2025-01-28,B-03,P600,618,11
235,2025-01-28,C-01,P300,354,10
236,2025-01-28,C-02,P300,349,13
237,2025-01-28,C-03,P200,394,8
238,2025-01-28,D-01,P500,328,6
239,2025-01-28,D-02,P600,568,5
240,2025-01-28,D-03,P400,519,8
241,2025-01-29,A-01,P100,486,7
242,2025-01-29,A-02,P200,385,7
243,2025-01-29,A-03,P500,346,6
244,2025-01-29,B-01,P100,510,12
245,2025-01-29,B-02,P400,569,9
246,2025-01-29,B-03,P600,616,12
247,2025-01-29,C-01,P300,338,12
248,2025-01-29,C-02,P300,344,17
249,2025-01-29,C-03,P200,385,8
250,2025-01-29,D-01,P500,344,4
251,2025-01-29,D-02,P600,577,10
252,2025-01-29,D-03,P400,546,5
253,2025-01-30,A-01,P100,485,3
254,2025-01-30,A-02,P200,372,5
255,2025-01-30,A-03,P500,345,4
256,2025-01-30,B-01,P100,441,3
257,2025-01-30,B-02,P400,476,11
258,2025-01-30,B-03,P600,663,10
259,2025-01-30,C-01,P300,320,6
260,2025-01-30,C-02,P300,285,15
261,2025-01-30,C-03,P200,440,12
262,2025-01-30,D-01,P500,349,7
263,2025-01-30,D-02,P600,553,9
264,2025-01-30,D-03,P400,530,3
265,2025-01-31,A-01,P100,478,7
266,2025-01-31,A-02,P200,392,4
267,2025-01-31,A-03,P500,369,12
268,2025-01-31,B-01,P100,465,12
269,2025-01-31,B-02,P400,577,7
270,2025-01-31,B-03,P600,665,13
271,2025-01-31,C-01,P300,362,13
272,2025-01-31,C-02,P300,348,11
273,2025-01-31,C-03,P200,379,6
274,2025-01-31,D-01,P500,351,2
275,2025-01-31,D-02,P600,553,8
276,2025-01-31,D-03,P400,511,9
277,2025-02-03,A-01,P100,395,2
278,2025-02-03,A-02,P200,342,8
279,2025-02-03,A-03,P500,356,6
280,2025-02-03,B-01,P100,485,11
281,2025-02-03,B-02,P400,543,8
282,2025-02-03,B-03,P600,640,12
283,2025-02-03,C-01,P300,341,10
284,2025-02-03,C-02,P300,348,15
285,2025-02-03,C-03,P200,385,12
286,2025-02-03,D-01,P500,345,8
287,2025-02-03,D-02,P600,564,10
288,2025-02-03,D-03,P400,512,5
289,2025-02-04,A-01,P100,455,10
290,2025-02-04,A-02,P200,379,4
291,2025-02-04,A-03,P500,370,3
292,2025-02-04,B-01,P100,488,14
293,2025-02-04,B-02,P400,553,8
294,2025-02-04,B-03,P600,565,4
295,2025-02-04,C-01,P300,339,12
296,2025-02-04,C-02,P300,346,19
297,2025-02-04,C-03,P200,416,9
298,2025-02-04,D-01,P500,355,9
299,2025-02-04,D-02,P600,524,15
300,2025-02-04,D-03,P400,519,12
301,2025-02-05,A-01,P100,476,8
302,2025-02-05,A-02,P200,353,6
303,2025-02-05,A-03,P500,356,10
304,2025-02-05,B-01,P100,458,7
305,2025-02-05,B-02,P400,592,12
306,2025-02-05,B-03,P600,601,9
307,2025-02-05,C-01,P300,310,12
308,2025-02-05,C-02,P300,333,19
309,2025-02-05,C-03,P200,392,15
310,2025-02-05,D-01,P500,371,8
311,2025-02-05,D-02,P600,651,12
312,2025-02-05,D-03,P400,508,13
313,2025-02-06,A-01,P100,477,3
314,2025-02-06,A-02,P200,342,2
315,2025-02-06,A-03,P500,331,6
316,2025-02-06,B-01,P100,452,11
317,2025-02-06,B-02,P400,512,10
318,2025-02-06,B-03,P600,640,8
319,2025-02-06,C-01,P300,322,10
320,2025-02-06,C-02,P300,334,4
321,2025-02-06,C-03,P200,393,10
322,2025-02-06,D-01,P500,370,5
323,2025-02-06,D-02,P600,592,12
324,2025-02-06,D-03,P400,496,11
325,2025-02-07,A-01,P100,499,10
326,2025-02-07,A-02,P200,369,6
327,2025-02-07,A-03,P500,345,4
328,2025-02-07,B-01,P100,487,7
329,2025-02-07,B-02,P400,554,8
330,2025-02-07,B-03,P600,563,15
331,2025-02-07,C-01,P300,373,9
332,2025-02-07,C-02,P300,336,8
333,2025-02-07,C-03,P200,400,18
334,2025-02-07,D-01,P500,334,6
335,2025-02-07,D-02,P600,612,16
336,2025-02-07,D-03,P400,583,7
337,2025-02-10,A-01,P100,500,3
338,2025-02-10,A-02,P200,391,2
339,2025-02-10,A-03,P500,334,6
340,2025-02-10,B-01,P100,526,9
341,2025-02-10,B-02,P400,485,10
342,2025-02-10,B-03,P600,584,10
343,2025-02-10,C-01,P300,332,8
344,2025-02-10,C-02,P300,311,15
345,2025-02-10,C-03,P200,375,10
346,2025-02-10,D-01,P500,376,7
347,2025-02-10,D-02,P600,582,8
348,2025-02-10,D-03,P400,553,6
349,2025-02-11,A-01,P100,519,8
350,2025-02-11,A-02,P200,386,8
351,2025-02-11,A-03,P500,368,5
352,2025-02-11,B-01,P100,527,11
353,2025-02-11,B-02,P400,523,6
354,2025-02-11,B-03,P600,643,9
355,2025-02-11,C-01,P300,325,15
356,2025-02-11,C-02,P300,349,11
357,2025-02-11,C-03,P200,408,14
358,2025-02-11,D-01,P500,343,2
359,2025-02-11,D-02,P600,527,5
360,2025-02-11,D-03,P400,500,8
361,2025-02-12,A-01,P100,486,3
362,2025-02-12,A-02,P200,356,5
363,2025-02-12,A-03,P500,372,7
364,2025-02-12,B-01,P100,467,7
365,2025-02-12,B-02,P400,530,8
366,2025-02-12,B-03,P600,615,9
367,2025-02-12,C-01,P300,314,2
368,2025-02-12,C-02,P300,339,11
369,2025-02-12,C-03,P200,352,7
370,2025-02-12,D-01,P500,353,8
371,2025-02-12,D-02,P600,603,9
372,2025-02-12,D-03,P400,459,8
373,2025-02-13,A-01,P100,433,4
374,2025-02-13,A-02,P200,384,10
375,2025-02-13,A-03,P500,329,5
376,2025-02-13,B-01,P100,505,6
377,2025-02-13,B-02,P400,553,6
378,2025-02-13,B-03,P600,625,5
379,2025-02-13,C-01,P300,349,5
380,2025-02-13,C-02,P300,311,11
381,2025-02-13,C-03,P200,409,9
382,2025-02-13,D-01,P500,339,8
383,2025-02-13,D-02,P600,610,14
384,2025-02-13,D-03,P400,581,7
385,2025-02-14,A-01,P100,447,9
386,2025-02-14,A-02,P200,378,10
387,2025-02-14,A-03,P500,331,5
388,2025-02-14,B-01,P100,542,9
389,2025-02-14,B-02,P400,508,7
390,2025-02-14,B-03,P600,638,14
391,2025-02-14,C-01,P300,358,10
392,2025-02-14,C-02,P300,357,7
393,2025-02-14,C-03,P200,394,7
394,2025-02-14,D-01,P500,362,3
395,2025-02-14,D-02,P600,563,12
396,2025-02-14,D-03,P400,579,8
397,2025-02-17,A-01,P100,464,7
398,2025-02-17,A-02,P200,378,3
399,2025-02-17,A-03,P500,330,3
400,2025-02-17,B-01,P100,494,17
401,2025-02-17,B-02,P400,535,3
402,2025-02-17,B-03,P600,678,15
403,2025-02-17,C-01,P300,334,14
404,2025-02-17,C-02,P300,344,12
405,2025-02-17,C-03,P200,363,6
406,2025-02-17,D-01,P500,345,6
407,2025-02-17,D-02,P600,624,12
408,2025-02-17,D-03,P400,474,3
409,2025-02-18,A-01,P100,483,5
410,2025-02-18,A-02,P200,400,5
411,2025-02-18,A-03,P500,335,5
412,2025-02-18,B-01,P100,502,11
413,2025-02-18,B-02,P400,576,10
414,2025-02-18,B-03,P600,611,21
415,2025-02-18,C-01,P300,328,10
416,2025-02-18,C-02,P300,339,14
417,2025-02-18,C-03,P200,392,8
418,2025-02-18,D-01,P500,347,8
419,2025-02-18,D-02,P600,593,12
420,2025-02-18,D-03,P400,536,15
421,2025-02-19,A-01,P100,445,4
422,2025-02-19,A-02,P200,353,5
423,2025-02-19,A-03,P500,314,7
424,2025-02-19,B-01,P100,493,9
425,2025-02-19,B-02,P400,573,12
426,2025-02-19,B-03,P600,629,14
427,2025-02-19,C-01,P300,312,13
428,2025-02-19,C-02,P300,328,14
429,2025-02-19,C-03,P200,380,6
430,2025-02-19,D-01,P500,398,2
431,2025-02-19,D-02,P600,672,11
432,2025-02-19,D-03,P400,580,14
433,2025-02-20,A-01,P100,461,5
434,2025-02-20,A-02,P200,430,7
435,2025-02-20,A-03,P500,337,5
436,2025-02-20,B-01,P100,482,9
437,2025-02-20,B-02,P400,564,8
438,2025-02-20,B-03,P600,625,9
439,2025-02-20,C-01,P300,340,12
440,2025-02-20,C-02,P300,305,16
441,2025-02-20,C-03,P200,365,5
442,2025-02-20,D-01,P500,359,9
443,2025-02-20,D-02,P600,583,8
444,2025-02-20,D-03,P400,487,8
445,2025-02-21,A-01,P100,442,5
446,2025-02-21,A-02,P200,384,6
447,2025-02-21,A-03,P500,366,6
448,2025-02-21,B-01,P100,439,5
449,2025-02-21,B-02,P400,536,7
450,2025-02-21,B-03,P600,612,17
451,2025-02-21,C-01,P300,338,17
452,2025-02-21,C-02,P300,321,17
453,2025-02-21,C-03,P200,363,5
454,2025-02-21,D-01,P500,386,6
455,2025-02-21,D-02,P600,520,12
456,2025-02-21,D-03,P400,503,9
457,2025-02-24,A-01,P100,446,5
458,2025-02-24,A-02,P200,371,8
459,2025-02-24,A-03,P500,338,6
460,2025-02-24,B-01,P100,506,8
461,2025-02-24,B-02,P400,548,11
462,2025-02-24,B-03,P600,610,10
463,2025-02-24,C-01,P300,322,6
464,2025-02-24,C-02,P300,338,7
465,2025-02-24,C-03,P200,388,11
466,2025-02-24,D-01,P500,345,5
467,2025-02-24,D-02,P600,626,9
468,2025-02-24,D-03,P400,557,13
469,2025-02-25,A-01,P100,494,7
470,2025-02-25,A-02,P200,407,5
471,2025-02-25,A-03,P500,345,9
472,2025-02-25,B-01,P100,496,12
473,2025-02-25,B-02,P400,531,9
474,2025-02-25,B-03,P600,610,13
475,2025-02-25,C-01,P300,329,6
476,2025-02-25,C-02,P300,343,18
477,2025-02-25,C-03,P200,412,14
478,2025-02-25,D-01,P500,367,6
479,2025-02-25,D-02,P600,567,8
480,2025-02-25,D-03,P400,556,6
481,2025-02-26,A-01,P100,463,5
482,2025-02-26,A-02,P200,388,6
483,2025-02-26,A-03,P500,357,5
484,2025-02-26,B-01,P100,502,17
485,2025-02-26,B-02,P400,548,11
486,2025-02-26,B-03,P600,555,8
487,2025-02-26,C-01,P300,343,9
488,2025-02-26,C-02,P300,329,10
489,2025-02-26,C-03,P200,376,9
490,2025-02-26,D-01,P500,360,8
491,2025-02-26,D-02,P600,662,17
492,2025-02-26,D-03,P400,497,9
493,2025-02-27,A-01,P100,456,13
494,2025-02-27,A-02,P200,372,2
495,2025-02-27,A-03,P500,370,3
496,2025-02-27,B-01,P100,484,10
497,2025-02-27,B-02,P400,543,14
498,2025-02-27,B-03,P600,581,14
499,2025-02-27,C-01,P300,355,12
500,2025-02-27,C-02,P300,315,10
501,2025-02-27,C-03,P200,397,7
502,2025-02-27,D-01,P500,365,7
503,2025-02-27,D-02,P600,620,6
504,2025-02-27,D-03,P400,485,12
505,2025-02-28,A-01,P100,449,7
506,2025-02-28,A-02,P200,397,11
507,2025-02-28,A-03,P500,387,7
508,2025-02-28,B-01,P100,489,10
509,2025-02-28,B-02,P400,560,9
510,2025-02-28,B-03,P600,620,12
511,2025-02-28,C-01,P300,333,9
512,2025-02-28,C-02,P300,335,11
513,2025-02-28,C-03,P200,387,5
514,2025-02-28,D-01,P500,374,7
515,2025-02-28,D-02,P600,633,5
516,2025-02-28,D-03,P400,490,6
517,2025-03-03,A-01,P100,444,9
518,2025-03-03,A-02,P200,355,7
519,2025-03-03,A-03,P500,353,4
520,2025-03-03,B-01,P100,483,7
521,2025-03-03,B-02,P400,547,13
522,2025-03-03,B-03,P600,630,13
523,2025-03-03,C-01,P300,294,14
524,2025-03-03,C-02,P300,300,8
525,2025-03-03,C-03,P200,387,7
526,2025-03-03,D-01,P500,385,5
527,2025-03-03,D-02,P600,589,5
528,2025-03-03,D-03,P400,512,12
529,2025-03-04,A-01,P100,483,6
530,2025-03-04,A-02,P200,395,9
531,2025-03-04,A-03,P500,332,5
532,2025-03-04,B-01,P100,512,11
533,2025-03-04,B-02,P400,513,7
534,2025-03-04,B-03,P600,597,18
535,2025-03-04,C-01,P300,316,16
536,2025-03-04,C-02,P300,318,13
537,2025-03-04,C-03,P200,389,8
538,2025-03-04,D-01,P500,332,4
539,2025-03-04,D-02,P600,612,9
540,2025-03-04,D-03,P400,531,10
541,2025-03-05,A-01,P100,453,4
542,2025-03-05,A-02,P200,368,9
543,2025-03-05,A-03,P500,339,1
544,2025-03-05,B-01,P100,462,11
545,2025-03-05,B-02,P400,580,7
546,2025-03-05,B-03,P600,609,9
547,2025-03-05,C-01,P300,330,20
548,2025-03-05,C-02,P300,325,8
549,2025-03-05,C-03,P200,416,10
550,2025-03-05,D-01,P500,348,11
551,2025-03-05,D-02,P600,615,8
552,2025-03-05,D-03,P400,540,7
553,2025-03-06,A-01,P100,460,7
554,2025-03-06,A-02,P200,348,8
555,2025-03-06,A-03,P500,365,5
556,2025-03-06,B-01,P100,476,9
557,2025-03-06,B-02,P400,561,11
558,2025-03-06,B-03,P600,593,25
559,2025-03-06,C-01,P300,333,6
560,2025-03-06,C-02,P300,352,19
561,2025-03-06,C-03,P200,414,9
562,2025-03-06,D-01,P500,373,2
563,2025-03-06,D-02,P600,625,10
564,2025-03-06,D-03,P400,549,12
565,2025-03-07,A-01,P100,436,5
566,2025-03-07,A-02,P200,396,8
567,2025-03-07,A-03,P500,346,5
568,2025-03-07,B-01,P100,486,6
569,2025-03-07,B-02,P400,539,5
570,2025-03-07,B-03,P600,603,13
571,2025-03-07,C-01,P300,315,5
572,2025-03-07,C-02,P300,343,11
573,2025-03-07,C-03,P200,382,4
574,2025-03-07,D-01,P500,355,8
575,2025-03-07,D-02,P600,603,7
576,2025-03-07,D-03,P400,465,10
577,2025-03-10,A-01,P100,450,9
578,2025-03-10,A-02,P200,408,6
579,2025-03-10,A-03,P500,377,4
580,2025-03-10,B-01,P100,493,9
581,2025-03-10,B-02,P400,536,9
582,2025-03-10,B-03,P600,534,9
583,2025-03-10,C-01,P300,324,12
584,2025-03-10,C-02,P300,356,8
585,2025-03-10,C-03,P200,378,6
586,2025-03-10,D-01,P500,381,5
587,2025-03-10,D-02,P600,640,8
588,2025-03-10,D-03,P400,511,8
589,2025-03-11,A-01,P100,460,9
590,2025-03-11,A-02,P200,410,9
591,2025-03-11,A-03,P500,323,3
592,2025-03-11,B-01,P100,482,7
593,2025-03-11,B-02,P400,490,9
594,2025-03-11,B-03,P600,585,16
595,2025-03-11,C-01,P300,368,5
596,2025-03-11,C-02,P300,336,12
597,2025-03-11,C-03,P200,345,6
598,2025-03-11,D-01,P500,340,7
599,2025-03-11,D-02,P600,551,10
600,2025-03-11,D-03,P400,532,7
601,2025-03-12,A-01,P100,468,5
602,2025-03-12,A-02,P200,396,7
603,2025-03-12,A-03,P500,364,0
604,2025-03-12,B-01,P100,454,12
605,2025-03-12,B-02,P400,547,6
606,2025-03-12,B-03,P600,611,12
607,2025-03-12,C-01,P300,353,16
608,2025-03-12,C-02,P300,357,9
609,2025-03-12,C-03,P200,430,7
610,2025-03-12,D-01,P500,341,4
611,2025-03-12,D-02,P600,570,8
612,2025-03-12,D-03,P400,513,6
613,2025-03-13,A-01,P100,454,9
614,2025-03-13,A-02,P200,363,5
615,2025-03-13,A-03,P500,334,4
616,2025-03-13,B-01,P100,501,10
617,2025-03-13,B-02,P400,521,13
618,2025-03-13,B-03,P600,591,8
619,2025-03-13,C-01,P300,308,6
620,2025-03-13,C-02,P300,299,7
621,2025-03-13,C-03,P200,416,11
622,2025-03-13,D-01,P500,387,6
623,2025-03-13,D-02,P600,634,6
624,2025-03-13,D-03,P400,543,8
625,2025-03-14,A-01,P100,442,7
626,2025-03-14,A-02,P200,390,4
627,2025-03-14,A-03,P500,329,5
628,2025-03-14,B-01,P100,495,8
629,2025-03-14,B-02,P400,512,5
630,2025-03-14,B-03,P600,635,10
631,2025-03-14,C-01,P300,363,15
632,2025-03-14,C-02,P300,323,10
633,2025-03-14,C-03,P200,375,8
634,2025-03-14,D-01,P500,362,9
635,2025-03-14,D-02,P600,544,9
636,2025-03-14,D-03,P400,481,8
637,2025-03-17,A-01,P100,497,7
638,2025-03-17,A-02,P200,384,6
639,2025-03-17,A-03,P500,339,4
640,2025-03-17,B-01,P100,491,5
641,2025-03-17,B-02,P400,522,11
642,2025-03-17,B-03,P600,619,10
643,2025-03-17,C-01,P300,325,12
644,2025-03-17,C-02,P300,340,15
645,2025-03-17,C-03,P200,401,9
646,2025-03-17,D-01,P500,372,2
647,2025-03-17,D-02,P600,657,11
648,2025-03-17,D-03,P400,539,10
649,2025-03-18,A-01,P100,458,2
650,2025-03-18,A-02,P200,413,7
651,2025-03-18,A-03,P500,347,7
652,2025-03-18,B-01,P100,432,8
653,2025-03-18,B-02,P400,561,3
654,2025-03-18,B-03,P600,624,11
655,2025-03-18,C-01,P300,333,9
656,2025-03-18,C-02,P300,359,10
657,2025-03-18,C-03,P200,377,10
658,2025-03-18,D-01,P500,317,5
659,2025-03-18,D-02,P600,636,18
660,2025-03-18,D-03,P400,508,6
661,2025-03-19,A-01,P100,432,9
662,2025-03-19,A-02,P200,333,7
663,2025-03-19,A-03,P500,367,6
664,2025-03-19,B-01,P100,423,9
665,2025-03-19,B-02,P400,574,9
666,2025-03-19,B-03,P600,603,9
667,2025-03-19,C-01,P300,349,14
668,2025-03-19,C-02,P300,351,10
669,2025-03-19,C-03,P200,427,4
670,2025-03-19,D-01,P500,368,6
671,2025-03-19,D-02,P600,648,8
672,2025-03-19,D-03,P400,511,8
673,2025-03-20,A-01,P100,416,2
674,2025-03-20,A-02,P200,399,6
675,2025-03-20,A-03,P500,320,2
676,2025-03-20,B-01,P100,513,8
677,2025-03-20,B-02,P400,504,13
678,2025-03-20,B-03,P600,625,16
679,2025-03-20,C-01,P300,369,7
680,2025-03-20,C-02,P300,356,16
681,2025-03-20,C-03,P200,382,8
682,2025-03-20,D-01,P500,369,2
683,2025-03-20,D-02,P600,589,19
684,2025-03-20,D-03,P400,597,5
685,2025-03-21,A-01,P100,438,5
686,2025-03-21,A-02,P200,376,2
687,2025-03-21,A-03,P500,363,8
688,2025-03-21,B-01,P100,502,12
689,2025-03-21,B-02,P400,551,9
690,2025-03-21,B-03,P600,598,13
691,2025-03-21,C-01,P300,329,9
692,2025-03-21,C-02,P300,361,19
693,2025-03-21,C-03,P200,406,6
694,2025-03-21,D-01,P500,368,11
695,2025-03-21,D-02,P600,653,16
696,2025-03-21,D-03,P400,556,12
697,2025-03-24,A-01,P100,479,9
698,2025-03-24,A-02,P200,343,3
699,2025-03-24,A-03,P500,359,5
700,2025-03-24,B-01,P100,497,13
701,2025-03-24,B-02,P400,581,11
702,2025-03-24,B-03,P600,515,10
703,2025-03-24,C-01,P300,331,9
704,2025-03-24,C-02,P300,345,7
705,2025-03-24,C-03,P200,363,10
706,2025-03-24,D-01,P500,342,9
707,2025-03-24,D-02,P600,658,6
708,2025-03-24,D-03,P400,541,7
709,2025-03-25,A-01,P100,506,5
710,2025-03-25,A-02,P200,374,10
711,2025-03-25,A-03,P500,323,3
712,2025-03-25,B-01,P100,483,6
713,2025-03-25,B-02,P400,521,6
714,2025-03-25,B-03,P600,640,18
715,2025-03-25,C-01,P300,346,11
716,2025-03-25,C-02,P300,353,15
717,2025-03-25,C-03,P200,436,13
718,2025-03-25,D-01,P500,386,5
719,2025-03-25,D-02,P600,577,8
720,2025-03-25,D-03,P400,557,15
721,2025-03-26,A-01,P100,458,8
722,2025-03-26,A-02,P200,373,4
723,2025-03-26,A-03,P500,380,6
724,2025-03-26,B-01,P100,467,8
725,2025-03-26,B-02,P400,564,11
726,2025-03-26,B-03,P600,642,19
727,2025-03-26,C-01,P300,316,6
728,2025-03-26,C-02,P300,311,11
729,2025-03-26,C-03,P200,385,8
730,2025-03-26,D-01,P500,300,5
731,2025-03-26,D-02,P600,645,11
732,2025-03-26,D-03,P400,538,10
733,2025-03-27,A-01,P100,495,8
734,2025-03-27,A-02,P200,384,12
735,2025-03-27,A-03,P500,382,9
736,2025-03-27,B-01,P100,476,5
737,2025-03-27,B-02,P400,552,10
738,2025-03-27,B-03,P600,602,12
739,2025-03-27,C-01,P300,332,13
740,2025-03-27,C-02,P300,344,10
741,2025-03-27,C-03,P200,395,10
742,2025-03-27,D-01,P500,345,5
743,2025-03-27,D-02,P600,623,14
744,2025-03-27,D-03,P400,529,11
745,2025-03-28,A-01,P100,422,4
746,2025-03-28,A-02,P200,340,3
747,2025-03-28,A-03,P500,374,6
748,2025-03-28,B-01,P100,429,12
749,2025-03-28,B-02,P400,531,5
750,2025-03-28,B-03,P600,565,8
751,2025-03-28,C-01,P300,366,9
752,2025-03-28,C-02,P300,354,16
753,2025-03-28,C-03,P200,394,10
754,2025-03-28,D-01,P500,344,5
755,2025-03-28,D-02,P600,559,7
756,2025-03-28,D-03,P400,533,7
757,2025-03-31,A-01,P100,457,7
758,2025-03-31,A-02,P200,355,2
759,2025-03-31,A-03,P500,329,7
760,2025-03-31,B-01,P100,460,11
761,2025-03-31,B-02,P400,500,11
762,2025-03-31,B-03,P600,594,11
763,2025-03-31,C-01,P300,340,10
764,2025-03-31,C-02,P300,352,10
765,2025-03-31,C-03,P200,386,7
766,2025-03-31,D-01,P500,363,3
767,2025-03-31,D-02,P600,626,9
768,2025-03-31,D-03,P400,468,6
769,2025-04-01,A-01,P100,463,10
770,2025-04-01,A-02,P200,406,7
771,2025-04-01,A-03,P500,313,12
772,2025-04-01,B-01,P100,415,11
773,2025-04-01,B-02,P400,531,11
774,2025-04-01,B-03,P600,653,9
775,2025-04-01,C-01,P300,331,10
776,2025-04-01,C-02,P300,355,11
777,2025-04-01,C-03,P200,394,9
778,2025-04-01,D-01,P500,336,3
779,2025-04-01,D-02,P600,574,13
780,2025-04-01,D-03,P400,477,16
781,2025-04-02,A-01,P100,497,10
782,2025-04-02,A-02,P200,396,6
783,2025-04-02,A-03,P500,349,6
784,2025-04-02,B-01,P100,486,8
785,2025-04-02,B-02,P400,512,7
786,2025-04-02,B-03,P600,629,10
787,2025-04-02,C-01,P300,320,15
788,2025-04-02,C-02,P300,336,15
789,2025-04-02,C-03,P200,373,6
790,2025-04-02,D-01,P500,376,8
791,2025-04-02,D-02,P600,602,15
792,2025-04-02,D-03,P400,532,10
793,2025-04-03,A-01,P100,427,4
794,2025-04-03,A-02,P200,364,10
795,2025-04-03,A-03,P500,355,5
796,2025-04-03,B-01,P100,448,7
797,2025-04-03,B-02,P400,530,11
798,2025-04-03,B-03,P600,615,16
799,2025-04-03,C-01,P300,310,2
800,2025-04-03,C-02,P300,363,22
801,2025-04-03,C-03,P200,394,6
802,2025-04-03,D-01,P500,357,8
803,2025-04-03,D-02,P600,582,9
804,2025-04-03,D-03,P400,479,7
805,2025-04-04,A-01,P100,482,5
806,2025-04-04,A-02,P200,368,6
807,2025-04-04,A-03,P500,323,5
808,2025-04-04,B-01,P100,472,16
809,2025-04-04,B-02,P400,550,8
810,2025-04-04,B-03,P600,624,11
811,2025-04-04,C-01,P300,314,11
812,2025-04-04,C-02,P300,365,12
813,2025-04-04,C-03,P200,355,5
814,2025-04-04,D-01,P500,388,5
815,2025-04-04,D-02,P600,613,16
816,2025-04-04,D-03,P400,516,7
817,2025-04-07,A-01,P100,451,5
818,2025-04-07,A-02,P200,380,10
819,2025-04-07,A-03,P500,362,4
820,2025-04-07,B-01,P100,443,8
821,2025-04-07,B-02,P400,513,6
822,2025-04-07,B-03,P600,617,16
823,2025-04-07,C-01,P300,356,15
824,2025-04-07,C-02,P300,365,16
825,2025-04-07,C-03,P200,422,5
826,2025-04-07,D-01,P500,382,5
827,2025-04-07,D-02,P600,578,13
828,2025-04-07,D-03,P400,527,11
829,2025-04-08,A-01,P100,485,8
830,2025-04-08,A-02,P200,399,9
831,2025-04-08,A-03,P500,347,7
832,2025-04-08,B-01,P100,506,12
833,2025-04-08,B-02,P400,522,5
834,2025-04-08,B-03,P600,563,12
835,2025-04-08,C-01,P300,332,10
836,2025-04-08,C-02,P300,339,14
837,2025-04-08,C-03,P200,376,6
838,2025-04-08,D-01,P500,371,7
839,2025-04-08,D-02,P600,599,8
840,2025-04-08,D-03,P400,539,15
841,2025-04-09,A-01,P100,477,10
842,2025-04-09,A-02,P200,429,6
843,2025-04-09,A-03,P500,349,5
844,2025-04-09,B-01,P100,526,6
845,2025-04-09,B-02,P400,543,13
846,2025-04-09,B-03,P600,625,16
847,2025-04-09,C-01,P300,332,17
848,2025-04-09,C-02,P300,345,10
849,2025-04-09,C-03,P200,382,7
850,2025-04-09,D-01,P500,381,7
851,2025-04-09,D-02,P600,582,5
852,2025-04-09,D-03,P400,482,10
853,2025-04-10,A-01,P100,443,6
854,2025-04-10,A-02,P200,364,5
855,2025-04-10,A-03,P500,341,1
856,2025-04-10,B-01,P100,488,14
857,2025-04-10,B-02,P400,520,11
858,2025-04-10,B-03,P600,610,17
859,2025-04-10,C-01,P300,324,7
860,2025-04-10,C-02,P300,351,14
861,2025-04-10,C-03,P200,439,7
862,2025-04-10,D-01,P500,364,10
863,2025-04-10,D-02,P600,590,12
864,2025-04-10,D-03,P400,458,8
865,2025-04-11,A-01,P100,507,7
866,2025-04-11,A-02,P200,383,4
867,2025-04-11,A-03,P500,348,7
868,2025-04-11,B-01,P100,429,9
869,2025-04-11,B-02,P400,533,15
870,2025-04-11,B-03,P600,620,18
871,2025-04-11,C-01,P300,324,7
872,2025-04-11,C-02,P300,317,7
873,2025-04-11,C-03,P200,356,4
874,2025-04-11,D-01,P500,400,3
875,2025-04-11,D-02,P600,610,14
876,2025-04-11,D-03,P400,512,11
877,2025-04-14,A-01,P100,458,9
878,2025-04-14,A-02,P200,377,6
879,2025-04-14,A-03,P500,323,4
880,2025-04-14,B-01,P100,518,9
881,2025-04-14,B-02,P400,531,11
882,2025-04-14,B-03,P600,619,9
883,2025-04-14,C-01,P300,362,14
884,2025-04-14,C-02,P300,317,12
885,2025-04-14,C-03,P200,370,4
886,2025-04-14,D-01,P500,367,5
887,2025-04-14,D-02,P600,638,13
888,2025-04-14,D-03,P400,509,7
889,2025-04-15,A-01,P100,442,5
890,2025-04-15,A-02,P200,391,7
891,2025-04-15,A-03,P500,397,7
892,2025-04-15,B-01,P100,494,11
893,2025-04-15,B-02,P400,513,10
894,2025-04-15,B-03,P600,578,12
895,2025-04-15,C-01,P300,331,6
896,2025-04-15,C-02,P300,359,12
897,2025-04-15,C-03,P200,440,7
898,2025-04-15,D-01,P500,354,6
899,2025-04-15,D-02,P600,609,11
900,2025-04-15,D-03,P400,579,11
901,2025-04-16,A-01,P100,465,6
902,2025-04-16,A-02,P200,382,7
903,2025-04-16,A-03,P500,381,2
904,2025-04-16,B-01,P100,495,9
905,2025-04-16,B-02,P400,506,8
906,2025-04-16,B-03,P600,658,21
907,2025-04-16,C-01,P300,304,6
908,2025-04-16,C-02,P300,363,8
909,2025-04-16,C-03,P200,387,8
910,2025-04-16,D-01,P500,354,7
911,2025-04-16,D-02,P600,595,11
912,2025-04-16,D-03,P400,523,14
913,2025-04-17,A-01,P100,446,7
914,2025-04-17,A-02,P200,387,7
915,2025-04-17,A-03,P500,343,7
916,2025-04-17,B-01,P100,439,12
917,2025-04-17,B-02,P400,536,11
918,2025-04-17,B-03,P600,649,26
919,2025-04-17,C-01,P300,296,7
920,2025-04-17,C-02,P300,343,9
921,2025-04-17,C-03,P200,377,16
922,2025-04-17,D-01,P500,379,6
923,2025-04-17,D-02,P600,598,14
924,2025-04-17,D-03,P400,551,7
925,2025-04-18,A-01,P100,474,9
926,2025-04-18,A-02,P200,392,6
927,2025-04-18,A-03,P500,383,11
928,2025-04-18,B-01,P100,486,12
929,2025-04-18,B-02,P400,538,8
930,2025-04-18,B-03,P600,630,14
931,2025-04-18,C-01,P300,336,11
932,2025-04-18,C-02,P300,338,14
933,2025-04-18,C-03,P200,367,7
934,2025-04-18,D-01,P500,361,4
935,2025-04-18,D-02,P600,555,9
936,2025-04-18,D-03,P400,466,10
937,2025-04-21,A-01,P100,428,2
938,2025-04-21,A-02,P200,392,4
939,2025-04-21,A-03,P500,356,4
940,2025-04-21,B-01,P100,511,5
941,2025-04-21,B-02,P400,515,3
942,2025-04-21,B-03,P600,652,10
943,2025-04-21,C-01,P300,307,9
944,2025-04-21,C-02,P300,322,6
945,2025-04-21,C-03,P200,409,13
946,2025-04-21,D-01,P500,364,4
947,2025-04-21,D-02,P600,630,12
948,2025-04-21,D-03,P400,535,7
949,2025-04-22,A-01,P100,442,8
950,2025-04-22,A-02,P200,352,10
951,2025-04-22,A-03,P500,315,3
952,2025-04-22,B-01,P100,543,9
953,2025-04-22,B-02,P400,487,4
954,2025-04-22,B-03,P600,665,16
955,2025-04-22,C-01,P300,336,9
956,2025-04-22,C-02,P300,348,13
957,2025-04-22,C-03,P200,391,11
958,2025-04-22,D-01,P500,371,3
959,2025-04-22,D-02,P600,580,11
960,2025-04-22,D-03,P400,463,3
961,2025-04-23,A-01,P100,442,6
962,2025-04-23,A-02,P200,388,4
963,2025-04-23,A-03,P500,330,8
964,2025-04-23,B-01,P100,522,15
965,2025-04-23,B-02,P400,532,13
966,2025-04-23,B-03,P600,575,5
967,2025-04-23,C-01,P300,337,16
968,2025-04-23,C-02,P300,351,19
969,2025-04-23,C-03,P200,398,5
970,2025-04-23,D-01,P500,300,5
971,2025-04-23,D-02,P600,502,8
972,2025-04-23,D-03,P400,558,6
973,2025-04-24,A-01,P100,419,3
974,2025-04-24,A-02,P200,400,9
975,2025-04-24,A-03,P500,374,6
976,2025-04-24,B-01,P100,459,15
977,2025-04-24,B-02,P400,505,7
978,2025-04-24,B-03,P600,641,11
979,2025-04-24,C-01,P300,326,15
980,2025-04-24,C-02,P300,368,10
981,2025-04-24,C-03,P200,422,8
982,2025-04-24,D-01,P500,336,4
983,2025-04-24,D-02,P600,579,15
984,2025-04-24,D-03,P400,530,10
985,2025-04-25,A-01,P100,400,3
986,2025-04-25,A-02,P200,339,6
987,2025-04-25,A-03,P500,333,2
988,2025-04-25,B-01,P100,548,13
989,2025-04-25,B-02,P400,544,8
990,2025-04-25,B-03,P600,593,12
991,2025-04-25,C-01,P300,314,9
992,2025-04-25,C-02,P300,319,12
993,2025-04-25,C-03,P200,374,12
994,2025-04-25,D-01,P500,347,3
995,2025-04-25,D-02,P600,599,12
996,2025-04-25,D-03,P400,542,7
997,2025-04-28,A-01,P100,455,6
998,2025-04-28,A-02,P200,395,6
999,2025-04-28,A-03,P500,345,1
1000,2025-04-28,B-01,P100,540,9
1001,2025-04-28,B-02,P400,560,6
1002,2025-04-28,B-03,P600,623,11
1003,2025-04-28,C-01,P300,343,9
1004,2025-04-28,C-02,P300,332,10
1005,2025-04-28,C-03,P200,381,9
1006,2025-04-28,D-01,P500,354,6
1007,2025-04-28,D-02,P600,580,10
1008,2025-04-28,D-03,P400,487,10
1009,2025-04-29,A-01,P100,471,2
1010,2025-04-29,A-02,P200,399,8
1011,2025-04-29,A-03,P500,359,7
1012,2025-04-29,B-01,P100,490,14
1013,2025-04-29,B-02,P400,604,5
1014,2025-04-29,B-03,P600,592,13
1015,2025-04-29,C-01,P300,339,9
1016,2025-04-29,C-02,P300,365,6
1017,2025-04-29,C-03,P200,362,11
1018,2025-04-29,D-01,P500,373,6
1019,2025-04-29,D-02,P600,668,12
1020,2025-04-29,D-03,P400,527,14
1021,2025-04-30,A-01,P100,461,6
1022,2025-04-30,A-02,P200,364,5
1023,2025-04-30,A-03,P500,361,5
1024,2025-04-30,B-01,P100,470,7
1025,2025-04-30,B-02,P400,534,12
1026,2025-04-30,B-03,P600,564,10
1027,2025-04-30,C-01,P300,284,8
1028,2025-04-30,C-02,P300,333,18
1029,2025-04-30,C-03,P200,376,7
1030,2025-04-30,D-01,P500,352,5
1031,2025-04-30,D-02,P600,632,13
1032,2025-04-30,D-03,P400,557,11
1033,2025-05-01,A-01,P100,465,5
1034,2025-05-01,A-02,P200,392,8
1035,2025-05-01,A-03,P500,336,4
1036,2025-05-01,B-01,P100,464,9
1037,2025-05-01,B-02,P400,551,13
1038,2025-05-01,B-03,P600,576,6
1039,2025-05-01,C-01,P300,311,6
1040,2025-05-01,C-02,P300,390,16
1041,2025-05-01,C-03,P200,388,11
1042,2025-05-01,D-01,P500,350,6
1043,2025-05-01,D-02,P600,586,12
1044,2025-05-01,D-03,P400,484,7
1045,2025-05-02,A-01,P100,464,6
1046,2025-05-02,A-02,P200,371,4
1047,2025-05-02,A-03,P500,371,1
1048,2025-05-02,B-01,P100,507,8
1049,2025-05-02,B-02,P400,526,5
1050,2025-05-02,B-03,P600,546,9
1051,2025-05-02,C-01,P300,335,7
1052,2025-05-02,C-02,P300,342,11
1053,2025-05-02,C-03,P200,339,6
1054,2025-05-02,D-01,P500,369,2
1055,2025-05-02,D-02,P600,567,12
1056,2025-05-02,D-03,P400,558,14
1057,2025-05-05,A-01,P100,455,6
1058,2025-05-05,A-02,P200,364,8
1059,2025-05-05,A-03,P500,355,8
1060,2025-05-05,B-01,P100,496,9
1061,2025-05-05,B-02,P400,539,12
1062,2025-05-05,B-03,P600,646,19
1063,2025-05-05,C-01,P300,300,17
1064,2025-05-05,C-02,P300,348,8
1065,2025-05-05,C-03,P200,371,3
1066,2025-05-05,D-01,P500,355,8
1067,2025-05-05,D-02,P600,655,15
1068,2025-05-05,D-03,P400,504,7
1069,2025-05-06,A-01,P100,467,3
1070,2025-05-06,A-02,P200,397,5
1071,2025-05-06,A-03,P500,361,5
1072,2025-05-06,B-01,P100,494,7
1073,2025-05-06,B-02,P400,543,9
1074,2025-05-06,B-03,P600,635,13
1075,2025-05-06,C-01,P300,319,7
1076,2025-05-06,C-02,P300,342,8
1077,2025-05-06,C-03,P200,435,10
1078,2025-05-06,D-01,P500,369,8
1079,2025-05-06,D-02,P600,610,18
1080,2025-05-06,D-03,P400,516,15
1081,2025-05-07,A-01,P100,436,4
1082,2025-05-07,A-02,P200,383,4
1083,2025-05-07,A-03,P500,358,6
1084,2025-05-07,B-01,P100,490,14
1085,2025-05-07,B-02,P400,610,11
1086,2025-05-07,B-03,P600,590,7
1087,2025-05-07,C-01,P300,316,12
1088,2025-05-07,C-02,P300,336,11
1089,2025-05-07,C-03,P200,385,10
1090,2025-05-07,D-01,P500,343,9
1091,2025-05-07,D-02,P600,614,8
1092,2025-05-07,D-03,P400,537,10
1093,2025-05-08,A-01,P100,475,6
1094,2025-05-08,A-02,P200,367,3
1095,2025-05-08,A-03,P500,378,5
1096,2025-05-08,B-01,P100,509,6
1097,2025-05-08,B-02,P400,610,15
1098,2025-05-08,B-03,P600,590,11
1099,2025-05-08,C-01,P300,318,9
1100,2025-05-08,C-02,P300,337,9
1101,2025-05-08,C-03,P200,394,7
1102,2025-05-08,D-01,P500,370,3
1103,2025-05-08,D-02,P600,628,12
1104,2025-05-08,D-03,P400,591,11
1105,2025-05-09,A-01,P100,409,10
1106,2025-05-09,A-02,P200,340,8
1107,2025-05-09,A-03,P500,349,4
1108,2025-05-09,B-01,P100,549,11
1109,2025-05-09,B-02,P400,558,5
1110,2025-05-09,B-03,P600,581,10
1111,2025-05-09,C-01,P300,337,7
1112,2025-05-09,C-02,P300,339,12
1113,2025-05-09,C-03,P200,382,7
1114,2025-05-09,D-01,P500,349,7
1115,2025-05-09,D-02,P600,610,12
1116,2025-05-09,D-03,P400,560,10
1117,2025-05-12,A-01,P100,445,8
1118,2025-05-12,A-02,P200,391,6
1119,2025-05-12,A-03,P500,367,11
1120,2025-05-12,B-01,P100,528,6
1121,2025-05-12,B-02,P400,510,5
1122,2025-05-12,B-03,P600,616,13
1123,2025-05-12,C-01,P300,322,13
1124,2025-05-12,C-02,P300,345,13
1125,2025-05-12,C-03,P200,389,11
1126,2025-05-12,D-01,P500,338,2
1127,2025-05-12,D-02,P600,612,8
1128,2025-05-12,D-03,P400,593,11
1129,2025-05-13,A-01,P100,470,4
1130,2025-05-13,A-02,P200,350,7
1131,2025-05-13,A-03,P500,333,2
1132,2025-05-13,B-01,P100,491,11
1133,2025-05-13,B-02,P400,509,7
1134,2025-05-13,B-03,P600,659,16
1135,2025-05-13,C-01,P300,307,8
1136,2025-05-13,C-02,P300,352,6
1137,2025-05-13,C-03,P200,352,3
1138,2025-05-13,D-01,P500,359,7
1139,2025-05-13,D-02,P600,571,12
1140,2025-05-13,D-03,P400,548,9
1141,2025-05-14,A-01,P100,484,5
1142,2025-05-14,A-02,P200,385,6
1143,2025-05-14,A-03,P500,373,9
1144,2025-05-14,B-01,P100,426,4
1145,2025-05-14,B-02,P400,541,6
1146,2025-05-14,B-03,P600,632,11
1147,2025-05-14,C-01,P300,345,13
1148,2025-05-14,C-02,P300,307,15
1149,2025-05-14,C-03,P200,396,5
1150,2025-05-14,D-01,P500,373,3
1151,2025-05-14,D-02,P600,611,19
1152,2025-05-14,D-03,P400,489,6
1153,2025-05-15,A-01,P100,443,6
1154,2025-05-15,A-02,P200,404,6
1155,2025-05-15,A-03,P500,374,3
1156,2025-05-15,B-01,P100,505,11
1157,2025-05-15,B-02,P400,558,8
1158,2025-05-15,B-03,P600,649,8
1159,2025-05-15,C-01,P300,342,6
1160,2025-05-15,C-02,P300,366,10
1161,2025-05-15,C-03,P200,412,5
1162,2025-05-15,D-01,P500,410,9
1163,2025-05-15,D-02,P600,589,5
1164,2025-05-15,D-03,P400,513,12
1165,2025-05-16,A-01,P100,385,6
1166,2025-05-16,A-02,P200,386,8
1167,2025-05-16,A-03,P500,390,6
1168,2025-05-16,B-01,P100,528,7
1169,2025-05-16,B-02,P400,562,5
1170,2025-05-16,B-03,P600,663,18
1171,2025-05-16,C-01,P300,343,12
1172,2025-05-16,C-02,P300,337,11
1173,2025-05-16,C-03,P200,436,10
1174,2025-05-16,D-01,P500,369,5
1175,2025-05-16,D-02,P600,646,9
1176,2025-05-16,D-03,P400,456,5
1177,2025-05-19,A-01,P100,399,6
1178,2025-05-19,A-02,P200,382,7
1179,2025-05-19,A-03,P500,333,3
1180,2025-05-19,B-01,P100,500,3
1181,2025-05-19,B-02,P400,521,11
1182,2025-05-19,B-03,P600,700,9
1183,2025-05-19,C-01,P300,354,6
1184,2025-05-19,C-02,P300,372,15
1185,2025-05-19,C-03,P200,341,2
1186,2025-05-19,D-01,P500,377,12
1187,2025-05-19,D-02,P600,601,8
1188,2025-05-19,D-03,P400,573,10
1189,2025-05-20,A-01,P100,474,9
1190,2025-05-20,A-02,P200,377,9
1191,2025-05-20,A-03,P500,328,3
1192,2025-05-20,B-01,P100,497,8
1193,2025-05-20,B-02,P400,573,15
1194,2025-05-20,B-03,P600,670,22
1195,2025-05-20,C-01,P300,327,10
1196,2025-05-20,C-02,P300,390,9
1197,2025-05-20,C-03,P200,411,9
1198,2025-05-20,D-01,P500,342,9
1199,2025-05-20,D-02,P600,569,8
1200,2025-05-20,D-03,P400,524,5
1201,2025-05-21,A-01,P100,448,8
1202,2025-05-21,A-02,P200,389,7
1203,2025-05-21,A-03,P500,352,7
1204,2025-05-21,B-01,P100,485,11
1205,2025-05-21,B-02,P400,490,7
1206,2025-05-21,B-03,P600,639,20
1207,2025-05-21,C-01,P300,303,10
1208,2025-05-21,C-02,P300,365,15
1209,2025-05-21,C-03,P200,344,5
1210,2025-05-21,D-01,P500,326,5
1211,2025-05-21,D-02,P600,576,11
1212,2025-05-21,D-03,P400,514,8
1213,2025-05-22,A-01,P100,440,7
1214,2025-05-22,A-02,P200,368,7
1215,2025-05-22,A-03,P500,357,7
1216,2025-05-22,B-01,P100,468,5
1217,2025-05-22,B-02,P400,545,9
1218,2025-05-22,B-03,P600,532,13
1219,2025-05-22,C-01,P300,317,10
1220,2025-05-22,C-02,P300,309,12
1221,2025-05-22,C-03,P200,411,10
1222,2025-05-22,D-01,P500,345,4
1223,2025-05-22,D-02,P600,628,15
1224,2025-05-22,D-03,P400,472,8
1225,2025-05-23,A-01,P100,497,3
1226,2025-05-23,A-02,P200,380,4
1227,2025-05-23,A-03,P500,394,10
1228,2025-05-23,B-01,P100,492,7
1229,2025-05-23,B-02,P400,490,7
1230,2025-05-23,B-03,P600,580,11
1231,2025-05-23,C-01,P300,329,12
1232,2025-05-23,C-02,P300,324,10
1233,2025-05-23,C-03,P200,409,13
1234,2025-05-23,D-01,P500,362,6
1235,2025-05-23,D-02,P600,573,8
1236,2025-05-23,D-03,P400,552,9
1237,2025-05-26,A-01,P100,447,7
1238,2025-05-26,A-02,P200,394,9
1239,2025-05-26,A-03,P500,341,2
1240,2025-05-26,B-01,P100,507,15
1241,2025-05-26,B-02,P400,524,10
1242,2025-05-26,B-03,P600,650,13
1243,2025-05-26,C-01,P300,299,5
1244,2025-05-26,C-02,P300,318,14
1245,2025-05-26,C-03,P200,383,6
1246,2025-05-26,D-01,P500,346,4
1247,2025-05-26,D-02,P600,592,11
1248,2025-05-26,D-03,P400,547,10
1249,2025-05-27,A-01,P100,445,4
1250,2025-05-27,A-02,P200,385,9
1251,2025-05-27,A-03,P500,333,6
1252,2025-05-27,B-01,P100,435,9
1253,2025-05-27,B-02,P400,560,4
1254,2025-05-27,B-03,P600,679,15
1255,2025-05-27,C-01,P300,338,9
1256,2025-05-27,C-02,P300,341,12
1257,2025-05-27,C-03,P200,389,8
1258,2025-05-27,D-01,P500,389,4
1259,2025-05-27,D-02,P600,615,10
1260,2025-05-27,D-03,P400,552,7
1261,2025-05-28,A-01,P100,477,5
1262,2025-05-28,A-02,P200,401,6
1263,2025-05-28,A-03,P500,349,9
1264,2025-05-28,B-01,P100,477,10
1265,2025-05-28,B-02,P400,553,7
1266,2025-05-28,B-03,P600,651,7
1267,2025-05-28,C-01,P300,357,12
1268,2025-05-28,C-02,P300,372,13
1269,2025-05-28,C-03,P200,407,8
1270,2025-05-28,D-01,P500,348,3
1271,2025-05-28,D-02,P600,614,21
1272,2025-05-28,D-03,P400,531,9
1273,2025-05-29,A-01,P100,457,9
1274,2025-05-29,A-02,P200,390,7
1275,2025-05-29,A-03,P500,347,8
1276,2025-05-29,B-01,P100,486,12
1277,2025-05-29,B-02,P400,594,7
1278,2025-05-29,B-03,P600,613,12
1279,2025-05-29,C-01,P300,354,8
1280,2025-05-29,C-02,P300,365,11
1281,2025-05-29,C-03,P200,392,12
1282,2025-05-29,D-01,P500,357,3
1283,2025-05-29,D-02,P600,577,15
1284,2025-05-29,D-03,P400,479,7
1285,2025-05-30,A-01,P100,474,11
1286,2025-05-30,A-02,P200,387,7
1287,2025-05-30,A-03,P500,367,7
1288,2025-05-30,B-01,P100,479,6
1289,2025-05-30,B-02,P400,598,8
1290,2025-05-30,B-03,P600,633,12
1291,2025-05-30,C-01,P300,332,13
1292,2025-05-30,C-02,P300,302,13
1293,2025-05-30,C-03,P200,378,8
1294,2025-05-30,D-01,P500,378,9
1295,2025-05-30,D-02,P600,658,16
1296,2025-05-30,D-03,P400,529,14
1297,2025-06-02,A-01,P100,501,11
1298,2025-06-02,A-02,P200,358,5
1299,2025-06-02,A-03,P500,360,4
1300,2025-06-02,B-01,P100,505,7
1301,2025-06-02,B-02,P400,556,9
1302,2025-06-02,B-03,P600,622,14
1303,2025-06-02,C-01,P300,341,10
1304,2025-06-02,C-02,P300,324,10
1305,2025-06-02,C-03,P200,417,7
1306,2025-06-02,D-01,P500,380,8
1307,2025-06-02,D-02,P600,618,15
1308,2025-06-02,D-03,P400,557,13
1309,2025-06-03,A-01,P100,494,9
1310,2025-06-03,A-02,P200,391,9
1311,2025-06-03,A-03,P500,395,5
1312,2025-06-03,B-01,P100,512,12
1313,2025-06-03,B-02,P400,511,13
1314,2025-06-03,B-03,P600,626,14
1315,2025-06-03,C-01,P300,354,8
1316,2025-06-03,C-02,P300,370,13
1317,2025-06-03,C-03,P200,391,7
1318,2025-06-03,D-01,P500,342,7
1319,2025-06-03,D-02,P600,600,6
1320,2025-06-03,D-03,P400,488,8
1321,2025-06-04,A-01,P100,479,6
1322,2025-06-04,A-02,P200,369,6
1323,2025-06-04,A-03,P500,338,5
1324,2025-06-04,B-01,P100,518,13
1325,2025-06-04,B-02,P400,587,9
1326,2025-06-04,B-03,P600,592,16
1327,2025-06-04,C-01,P300,338,11
1328,2025-06-04,C-02,P300,340,15
1329,2025-06-04,C-03,P200,419,10
1330,2025-06-04,D-01,P500,359,6
1331,2025-06-04,D-02,P600,573,9
1332,2025-06-04,D-03,P400,528,16
1333,2025-06-05,A-01,P100,488,2
1334,2025-06-05,A-02,P200,373,9
1335,2025-06-05,A-03,P500,340,5
1336,2025-06-05,B-01,P100,490,12
1337,2025-06-05,B-02,P400,507,8
1338,2025-06-05,B-03,P600,610,10
1339,2025-06-05,C-01,P300,324,11
1340,2025-06-05,C-02,P300,389,13
1341,2025-06-05,C-03,P200,345,11
1342,2025-06-05,D-01,P500,343,5
1343,2025-06-05,D-02,P600,586,4
1344,2025-06-05,D-03,P400,499,8
1345,2025-06-06,A-01,P100,469,5
1346,2025-06-06,A-02,P200,363,4
1347,2025-06-06,A-03,P500,323,6
1348,2025-06-06,B-01,P100,496,8
1349,2025-06-06,B-02,P400,528,2
1350,2025-06-06,B-03,P600,593,13
1351,2025-06-06,C-01,P300,361,9
1352,2025-06-06,C-02,P300,352,10
1353,2025-06-06,C-03,P200,395,10
1354,2025-06-06,D-01,P500,371,3
1355,2025-06-06,D-02,P600,622,8
1356,2025-06-06,D-03,P400,521,8
1357,2025-06-09,A-01,P100,439,4
1358,2025-06-09,A-02,P200,381,6
1359,2025-06-09,A-03,P500,347,3
1360,2025-06-09,B-01,P100,439,11
1361,2025-06-09,B-02,P400,505,12
1362,2025-06-09,B-03,P600,603,17
1363,2025-06-09,C-01,P300,352,12
1364,2025-06-09,C-02,P300,346,15
1365,2025-06-09,C-03,P200,368,5
1366,2025-06-09,D-01,P500,338,2
1367,2025-06-09,D-02,P600,648,11
1368,2025-06-09,D-03,P400,522,12
1369,2025-06-10,A-01,P100,383,3
1370,2025-06-10,A-02,P200,375,9
1371,2025-06-10,A-03,P500,366,7
1372,2025-06-10,B-01,P100,460,10
1373,2025-06-10,B-02,P400,538,7
1374,2025-06-10,B-03,P600,621,9
1375,2025-06-10,C-01,P300,313,10
1376,2025-06-10,C-02,P300,368,11
1377,2025-06-10,C-03,P200,391,10
1378,2025-06-10,D-01,P500,353,9
1379,2025-06-10,D-02,P600,601,14
1380,2025-06-10,D-03,P400,490,10
1381,2025-06-11,A-01,P100,423,8
1382,2025-06-11,A-02,P200,368,7
1383,2025-06-11,A-03,P500,343,6
1384,2025-06-11,B-01,P100,486,19
1385,2025-06-11,B-02,P400,579,5
1386,2025-06-11,B-03,P600,638,9
1387,2025-06-11,C-01,P300,300,8
1388,2025-06-11,C-02,P300,365,11
1389,2025-06-11,C-03,P200,376,4
1390,2025-06-11,D-01,P500,376,2
1391,2025-06-11,D-02,P600,593,11
1392,2025-06-11,D-03,P400,531,10
1393,2025-06-12,A-01,P100,426,10
1394,2025-06-12,A-02,P200,385,7
1395,2025-06-12,A-03,P500,369,10
1396,2025-06-12,B-01,P100,447,10
1397,2025-06-12,B-02,P400,563,7
1398,2025-06-12,B-03,P600,591,15
1399,2025-06-12,C-01,P300,367,10
1400,2025-06-12,C-02,P300,358,17
1401,2025-06-12,C-03,P200,399,10
1402,2025-06-12,D-01,P500,357,4
1403,2025-06-12,D-02,P600,690,7
1404,2025-06-12,D-03,P400,514,8
1405,2025-06-13,A-01,P100,431,4
1406,2025-06-13,A-02,P200,364,6
1407,2025-06-13,A-03,P500,373,2
1408,2025-06-13,B-01,P100,495,8
1409,2025-06-13,B-02,P400,535,8
1410,2025-06-13,B-03,P600,600,11
1411,2025-06-13,C-01,P300,332,15
1412,2025-06-13,C-02,P300,333,12
1413,2025-06-13,C-03,P200,402,8
1414,2025-06-13,D-01,P500,355,4
1415,2025-06-13,D-02,P600,584,10
1416,2025-06-13,D-03,P400,557,9
1417,2025-06-16,A-01,P100,432,10
1418,2025-06-16,A-02,P200,380,7
1419,2025-06-16,A-03,P500,313,1
1420,2025-06-16,B-01,P100,454,6
1421,2025-06-16,B-02,P400,525,8
1422,2025-06-16,B-03,P600,597,3
1423,2025-06-16,C-01,P300,324,6
1424,2025-06-16,C-02,P300,358,12
1425,2025-06-16,C-03,P200,405,7
1426,2025-06-16,D-01,P500,366,10
1427,2025-06-16,D-02,P600,571,7
1428,2025-06-16,D-03,P400,524,16
1429,2025-06-17,A-01,P100,507,8
1430,2025-06-17,A-02,P200,430,4
1431,2025-06-17,A-03,P500,371,4
1432,2025-06-17,B-01,P100,464,8
1433,2025-06-17,B-02,P400,533,14
1434,2025-06-17,B-03,P600,624,24
1435,2025-06-17,C-01,P300,335,11
1436,2025-06-17,C-02,P300,364,9
1437,2025-06-17,C-03,P200,403,9
1438,2025-06-17,D-01,P500,339,3
1439,2025-06-17,D-02,P600,585,12
1440,2025-06-17,D-03,P400,557,6
1441,2025-06-18,A-01,P100,494,10
1442,2025-06-18,A-02,P200,383,7
1443,2025-06-18,A-03,P500,383,1
1444,2025-06-18,B-01,P100,496,11
1445,2025-06-18,B-02,P400,509,9
1446,2025-06-18,B-03,P600,638,14
1447,2025-06-18,C-01,P300,380,13
1448,2025-06-18,C-02,P300,318,10
1449,2025-06-18,C-03,P200,420,13
1450,2025-06-18,D-01,P500,372,6
1451,2025-06-18,D-02,P600,583,6
1452,2025-06-18,D-03,P400,471,2
1453,2025-06-19,A-01,P100,399,4
1454,2025-06-19,A-02,P200,366,4
1455,2025-06-19,A-03,P500,359,5
1456,2025-06-19,B-01,P100,517,12
1457,2025-06-19,B-02,P400,571,13
1458,2025-06-19,B-03,P600,626,16
1459,2025-06-19,C-01,P300,337,14
1460,2025-06-19,C-02,P300,336,12
1461,2025-06-19,C-03,P200,396,3
1462,2025-06-19,D-01,P500,347,10
1463,2025-06-19,D-02,P600,565,11
1464,2025-06-19,D-03,P400,530,9
1465,2025-06-20,A-01,P100,478,5
1466,2025-06-20,A-02,P200,348,3
1467,2025-06-20,A-03,P500,341,6
1468,2025-06-20,B-01,P100,493,14
1469,2025-06-20,B-02,P400,537,12
1470,2025-06-20,B-03,P600,635,15
1471,2025-06-20,C-01,P300,370,15
1472,2025-06-20,C-02,P300,299,10
1473,2025-06-20,C-03,P200,429,10
1474,2025-06-20,D-01,P500,398,5
1475,2025-06-20,D-02,P600,638,12
1476,2025-06-20,D-03,P400,534,10
1477,2025-06-23,A-01,P100,440,8
1478,2025-06-23,A-02,P200,397,6
1479,2025-06-23,A-03,P500,357,5
1480,2025-06-23,B-01,P100,484,7
1481,2025-06-23,B-02,P400,563,6
1482,2025-06-23,B-03,P600,652,14
1483,2025-06-23,C-01,P300,282,10
1484,2025-06-23,C-02,P300,370,17
1485,2025-06-23,C-03,P200,370,5
1486,2025-06-23,D-01,P500,386,8
1487,2025-06-23,D-02,P600,597,15
1488,2025-06-23,D-03,P400,534,11
1489,2025-06-24,A-01,P100,468,8
1490,2025-06-24,A-02,P200,403,3
1491,2025-06-24,A-03,P500,367,4
1492,2025-06-24,B-01,P100,483,11
1493,2025-06-24,B-02,P400,471,8
1494,2025-06-24,B-03,P600,634,9
1495,2025-06-24,C-01,P300,337,14
1496,2025-06-24,C-02,P300,318,11
1497,2025-06-24,C-03,P200,393,4
1498,2025-06-24,D-01,P500,361,4
1499,2025-06-24,D-02,P600,655,14
1500,2025-06-24,D-03,P400,588,3
1501,2025-06-25,A-01,P100,484,8
1502,2025-06-25,A-02,P200,377,10
1503,2025-06-25,A-03,P500,354,5
1504,2025-06-25,B-01,P100,470,10
1505,2025-06-25,B-02,P400,518,7
1506,2025-06-25,B-03,P600,612,8
1507,2025-06-25,C-01,P300,330,12
1508,2025-06-25,C-02,P300,317,12
1509,2025-06-25,C-03,P200,418,6
1510,2025-06-25,D-01,P500,393,5
1511,2025-06-25,D-02,P600,654,11
1512,2025-06-25,D-03,P400,576,14
1513,2025-06-26,A-01,P100,519,7
1514,2025-06-26,A-02,P200,361,4
1515,2025-06-26,A-03,P500,398,5
1516,2025-06-26,B-01,P100,483,15
1517,2025-06-26,B-02,P400,557,11
1518,2025-06-26,B-03,P600,561,16
1519,2025-06-26,C-01,P300,325,10
1520,2025-06-26,C-02,P300,363,12
1521,2025-06-26,C-03,P200,403,5
1522,2025-06-26,D-01,P500,353,7
1523,2025-06-26,D-02,P600,611,9
1524,2025-06-26,D-03,P400,510,8
1525,2025-06-27,A-01,P100,485,11
1526,2025-06-27,A-02,P200,334,10
1527,2025-06-27,A-03,P500,382,2
1528,2025-06-27,B-01,P100,471,8
1529,2025-06-27,B-02,P400,537,14
1530,2025-06-27,B-03,P600,568,18
1531,2025-06-27,C-01,P300,339,11
1532,2025-06-27,C-02,P300,354,12
1533,2025-06-27,C-03,P200,395,6
1534,2025-06-27,D-01,P500,370,5
1535,2025-06-27,D-02,P600,603,13
1536,2025-06-27,D-03,P400,525,8
1537,2025-06-30,A-01,P100,454,4
1538,2025-06-30,A-02,P200,367,4
1539,2025-06-30,A-03,P500,344,3
1540,2025-06-30,B-01,P100,507,8
1541,2025-06-30,B-02,P400,580,7
1542,2025-06-30,B-03,P600,583,12
1543,2025-06-30,C-01,P300,332,11
1544,2025-06-30,C-02,P300,321,12
1545,2025-06-30,C-03,P200,376,5
1546,2025-06-30,D-01,P500,354,7
1547,2025-06-30,D-02,P600,614,14
1548,2025-06-30,D-03,P400,533,11
1549,2025-07-01,A-01,P100,457,5
1550,2025-07-01,A-02,P200,387,14
1551,2025-07-01,A-03,P500,335,7
1552,2025-07-01,B-01,P100,498,11
1553,2025-07-01,B-02,P400,560,13
1554,2025-07-01,B-03,P600,585,3
1555,2025-07-01,C-01,P300,301,9
1556,2025-07-01,C-02,P300,363,14
1557,2025-07-01,C-03,P200,362,4
1558,2025-07-01,D-01,P500,350,9
1559,2025-07-01,D-02,P600,632,19
1560,2025-07-01,D-03,P400,500,5
1561,2025-07-02,A-01,P100,482,7
1562,2025-07-02,A-02,P200,364,3
1563,2025-07-02,A-03,P500,336,2
1564,2025-07-02,B-01,P100,461,16
1565,2025-07-02,B-02,P400,516,10
1566,2025-07-02,B-03,P600,636,15
1567,2025-07-02,C-01,P300,324,14
1568,2025-07-02,C-02,P300,363,8
1569,2025-07-02,C-03,P200,388,13
1570,2025-07-02,D-01,P500,363,6
1571,2025-07-02,D-02,P600,579,6
1572,2025-07-02,D-03,P400,564,11
1573,2025-07-03,A-01,P100,477,4
1574,2025-07-03,A-02,P200,394,4
1575,2025-07-03,A-03,P500,348,5
1576,2025-07-03,B-01,P100,457,10
1577,2025-07-03,B-02,P400,542,9
1578,2025-07-03,B-03,P600,635,10
1579,2025-07-03,C-01,P300,344,14
1580,2025-07-03,C-02,P300,351,23
1581,2025-07-03,C-03,P200,395,13
1582,2025-07-03,D-01,P500,347,0
1583,2025-07-03,D-02,P600,585,7
1584,2025-07-03,D-03,P400,494,7
1585,2025-07-04,A-01,P100,485,9
1586,2025-07-04,A-02,P200,420,4
1587,2025-07-04,A-03,P500,400,1
1588,2025-07-04,B-01,P100,499,8
1589,2025-07-04,B-02,P400,548,12
1590,2025-07-04,B-03,P600,612,15
1591,2025-07-04,C-01,P300,338,14
1592,2025-07-04,C-02,P300,325,13
1593,2025-07-04,C-03,P200,384,8
1594,2025-07-04,D-01,P500,344,3
1595,2025-07-04,D-02,P600,598,7
1596,2025-07-04,D-03,P400,507,5
1597,2025-07-07,A-01,P100,471,5
1598,2025-07-07,A-02,P200,392,5
1599,2025-07-07,A-03,P500,358,6
1600,2025-07-07,B-01,P100,475,7
1601,2025-07-07,B-02,P400,500,9
1602,2025-07-07,B-03,P600,640,16
1603,2025-07-07,C-01,P300,335,11
1604,2025-07-07,C-02,P300,308,16
1605,2025-07-07,C-03,P200,391,8
1606,2025-07-07,D-01,P500,368,8
1607,2025-07-07,D-02,P600,555,8
1608,2025-07-07,D-03,P400,544,4
1609,2025-07-08,A-01,P100,422,7
1610,2025-07-08,A-02,P200,362,5
1611,2025-07-08,A-03,P500,324,3
1612,2025-07-08,B-01,P100,469,11
1613,2025-07-08,B-02,P400,500,5
1614,2025-07-08,B-03,P600,653,14
1615,2025-07-08,C-01,P300,330,13
1616,2025-07-08,C-02,P300,335,20
1617,2025-07-08,C-03,P200,412,9
1618,2025-07-08,D-01,P500,383,3
1619,2025-07-08,D-02,P600,595,5
1620,2025-07-08,D-03,P400,537,5
1621,2025-07-09,A-01,P100,443,7
1622,2025-07-09,A-02,P200,377,5
1623,2025-07-09,A-03,P500,331,4
1624,2025-07-09,B-01,P100,505,11
1625,2025-07-09,B-02,P400,573,10
1626,2025-07-09,B-03,P600,651,21
1627,2025-07-09,C-01,P300,336,11
1628,2025-07-09,C-02,P300,307,8
1629,2025-07-09,C-03,P200,374,7
1630,2025-07-09,D-01,P500,359,15
1631,2025-07-09,D-02,P600,562,5
1632,2025-07-09,D-03,P400,484,3
1633,2025-07-10,A-01,P100,496,3
1634,2025-07-10,A-02,P200,397,10
1635,2025-07-10,A-03,P500,362,6
1636,2025-07-10,B-01,P100,513,5
1637,2025-07-10,B-02,P400,501,5
1638,2025-07-10,B-03,P600,586,10
1639,2025-07-10,C-01,P300,339,10
1640,2025-07-10,C-02,P300,349,21
1641,2025-07-10,C-03,P200,357,11
1642,2025-07-10,D-01,P500,364,8
1643,2025-07-10,D-02,P600,605,8
1644,2025-07-10,D-03,P400,556,8
1645,2025-07-11,A-01,P100,466,5
1646,2025-07-11,A-02,P200,413,5
1647,2025-07-11,A-03,P500,345,8
1648,2025-07-11,B-01,P100,462,9
1649,2025-07-11,B-02,P400,585,13
1650,2025-07-11,B-03,P600,629,9
1651,2025-07-11,C-01,P300,333,12
1652,2025-07-11,C-02,P300,327,17
1653,2025-07-11,C-03,P200,380,7
1654,2025-07-11,D-01,P500,353,3
1655,2025-07-11,D-02,P600,568,9
1656,2025-07-11,D-03,P400,464,7
1657,2025-07-14,A-01,P100,447,6
1658,2025-07-14,A-02,P200,394,7
1659,2025-07-14,A-03,P500,378,5
1660,2025-07-14,B-01,P100,521,11
1661,2025-07-14,B-02,P400,569,8
1662,2025-07-14,B-03,P600,580,13
1663,2025-07-14,C-01,P300,339,11
1664,2025-07-14,C-02,P300,354,11
1665,2025-07-14,C-03,P200,400,6
1666,2025-07-14,D-01,P500,359,5
1667,2025-07-14,D-02,P600,612,16
1668,2025-07-14,D-03,P400,589,16
1669,2025-07-15,A-01,P100,482,10
1670,2025-07-15,A-02,P200,389,6
1671,2025-07-15,A-03,P500,366,6
1672,2025-07-15,B-01,P100,480,14
1673,2025-07-15,B-02,P400,556,7
1674,2025-07-15,B-03,P600,620,15
1675,2025-07-15,C-01,P300,350,6
1676,2025-07-15,C-02,P300,330,22
1677,2025-07-15,C-03,P200,404,5
1678,2025-07-15,D-01,P500,354,6
1679,2025-07-15,D-02,P600,634,15
1680,2025-07-15,D-03,P400,536,13
1681,2025-07-16,A-01,P100,459,9
1682,2025-07-16,A-02,P200,372,4
1683,2025-07-16,A-03,P500,351,2
1684,2025-07-16,B-01,P100,481,6
1685,2025-07-16,B-02,P400,528,5
1686,2025-07-16,B-03,P600,633,11
1687,2025-07-16,C-01,P300,303,12
1688,2025-07-16,C-02,P300,358,22
1689,2025-07-16,C-03,P200,404,8
1690,2025-07-16,D-01,P500,356,5
1691,2025-07-16,D-02,P600,613,11
1692,2025-07-16,D-03,P400,500,12
1693,2025-07-17,A-01,P100,468,9
1694,2025-07-17,A-02,P200,361,6
1695,2025-07-17,A-03,P500,297,3
1696,2025-07-17,B-01,P100,528,10
1697,2025-07-17,B-02,P400,505,7
1698,2025-07-17,B-03,P600,614,14
1699,2025-07-17,C-01,P300,338,8
1700,2025-07-17,C-02,P300,352,16
1701,2025-07-17,C-03,P200,387,7
1702,2025-07-17,D-01,P500,367,7
1703,2025-07-17,D-02,P600,598,14
1704,2025-07-17,D-03,P400,483,8
1705,2025-07-18,A-01,P100,457,2
1706,2025-07-18,A-02,P200,391,8
1707,2025-07-18,A-03,P500,332,8
1708,2025-07-18,B-01,P100,499,12
1709,2025-07-18,B-02,P400,594,13
1710,2025-07-18,B-03,P600,613,11
1711,2025-07-18,C-01,P300,333,14
1712,2025-07-18,C-02,P300,312,13
1713,2025-07-18,C-03,P200,363,13
1714,2025-07-18,D-01,P500,344,5
1715,2025-07-18,D-02,P600,627,10
1716,2025-07-18,D-03,P400,500,8
1717,2025-07-21,A-01,P100,409,9
1718,2025-07-21,A-02,P200,386,6
1719,2025-07-21,A-03,P500,337,6
1720,2025-07-21,B-01,P100,450,9
1721,2025-07-21,B-02,P400,558,11
1722,2025-07-21,B-03,P600,603,15
1723,2025-07-21,C-01,P300,343,11
1724,2025-07-21,C-02,P300,313,6
1725,2025-07-21,C-03,P200,338,8
1726,2025-07-21,D-01,P500,363,8
1727,2025-07-21,D-02,P600,569,12
1728,2025-07-21,D-03,P400,531,12
1729,2025-07-22,A-01,P100,461,7
1730,2025-07-22,A-02,P200,378,7
1731,2025-07-22,A-03,P500,373,6
1732,2025-07-22,B-01,P100,560,13
1733,2025-07-22,B-02,P400,548,7
1734,2025-07-22,B-03,P600,681,16
1735,2025-07-22,C-01,P300,303,16
1736,2025-07-22,C-02,P300,336,19
1737,2025-07-22,C-03,P200,359,5
1738,2025-07-22,D-01,P500,347,7
1739,2025-07-22,D-02,P600,597,14
1740,2025-07-22,D-03,P400,587,9
1741,2025-07-23,A-01,P100,459,6
1742,2025-07-23,A-02,P200,402,4
1743,2025-07-23,A-03,P500,343,5
1744,2025-07-23,B-01,P100,477,3
1745,2025-07-23,B-02,P400,488,6
1746,2025-07-23,B-03,P600,683,17
1747,2025-07-23,C-01,P300,362,13
1748,2025-07-23,C-02,P300,347,15
1749,2025-07-23,C-03,P200,382,9
1750,2025-07-23,D-01,P500,362,4
1751,2025-07-23,D-02,P600,561,10
1752,2025-07-23,D-03,P400,542,19
1753,2025-07-24,A-01,P100,493,10
1754,2025-07-24,A-02,P200,408,7
1755,2025-07-24,A-03,P500,321,5
1756,2025-07-24,B-01,P100,523,12
1757,2025-07-24,B-02,P400,496,13
1758,2025-07-24,B-03,P600,541,11
1759,2025-07-24,C-01,P300,356,12
1760,2025-07-24,C-02,P300,333,13
1761,2025-07-24,C-03,P200,408,12
1762,2025-07-24,D-01,P500,378,6
1763,2025-07-24,D-02,P600,632,10
1764,2025-07-24,D-03,P400,530,6
1765,2025-07-25,A-01,P100,426,5
1766,2025-07-25,A-02,P200,372,5
1767,2025-07-25,A-03,P500,380,4
1768,2025-07-25,B-01,P100,520,6
1769,2025-07-25,B-02,P400,529,11
1770,2025-07-25,B-03,P600,607,15
1771,2025-07-25,C-01,P300,346,14
1772,2025-07-25,C-02,P300,346,17
1773,2025-07-25,C-03,P200,383,7
1774,2025-07-25,D-01,P500,371,5
1775,2025-07-25,D-02,P600,624,7
1776,2025-07-25,D-03,P400,509,18
1777,2025-07-28,A-01,P100,466,6
1778,2025-07-28,A-02,P200,387,3
1779,2025-07-28,A-03,P500,352,3
1780,2025-07-28,B-01,P100,472,2
1781,2025-07-28,B-02,P400,527,7
1782,2025-07-28,B-03,P600,583,10
1783,2025-07-28,C-01,P300,341,10
1784,2025-07-28,C-02,P300,313,20
1785,2025-07-28,C-03,P200,421,11
1786,2025-07-28,D-01,P500,387,4
1787,2025-07-28,D-02,P600,623,18
1788,2025-07-28,D-03,P400,556,8
1789,2025-07-29,A-01,P100,480,9
1790,2025-07-29,A-02,P200,382,6
1791,2025-07-29,A-03,P500,348,6
1792,2025-07-29,B-01,P100,485,7
1793,2025-07-29,B-02,P400,585,16
1794,2025-07-29,B-03,P600,589,11
1795,2025-07-29,C-01,P300,320,6
1796,2025-07-29,C-02,P300,363,15
1797,2025-07-29,C-03,P200,407,9
1798,2025-07-29,D-01,P500,356,2
1799,2025-07-29,D-02,P600,627,8
1800,2025-07-29,D-03,P400,549,11
1801,2025-07-30,A-01,P100,424,5
1802,2025-07-30,A-02,P200,408,9
1803,2025-07-30,A-03,P500,366,4
1804,2025-07-30,B-01,P100,506,7
1805,2025-07-30,B-02,P400,558,5
1806,2025-07-30,B-03,P600,628,12
1807,2025-07-30,C-01,P300,333,6
1808,2025-07-30,C-02,P300,306,20
1809,2025-07-30,C-03,P200,391,10
1810,2025-07-30,D-01,P500,333,5
1811,2025-07-30,D-02,P600,678,8
1812,2025-07-30,D-03,P400,526,9
1813,2025-07-31,A-01,P100,510,8
1814,2025-07-31,A-02,P200,382,5
1815,2025-07-31,A-03,P500,341,8
1816,2025-07-31,B-01,P100,530,10
1817,2025-07-31,B-02,P400,550,5
1818,2025-07-31,B-03,P600,700,11
1819,2025-07-31,C-01,P300,323,10
1820,2025-07-31,C-02,P300,370,13
1821,2025-07-31,C-03,P200,440,15
1822,2025-07-31,D-01,P500,390,5
1823,2025-07-31,D-02,P600,635,12
1824,2025-07-31,D-03,P400,572,10
1825,2025-08-01,A-01,P100,456,6
1826,2025-08-01,A-02,P200,361,2
1827,2025-08-01,A-03,P500,342,5
1828,2025-08-01,B-01,P100,496,7
1829,2025-08-01,B-02,P400,563,11
1830,2025-08-01,B-03,P600,591,9
1831,2025-08-01,C-01,P300,329,14
1832,2025-08-01,C-02,P300,330,21
1833,2025-08-01,C-03,P200,410,11
1834,2025-08-01,D-01,P500,402,8
1835,2025-08-01,D-02,P600,575,13
1836,2025-08-01,D-03,P400,546,12
1837,2025-08-04,A-01,P100,488,7
1838,2025-08-04,A-02,P200,375,6
1839,2025-08-04,A-03,P500,326,4
1840,2025-08-04,B-01,P100,530,13
1841,2025-08-04,B-02,P400,495,6
1842,2025-08-04,B-03,P600,674,17
1843,2025-08-04,C-01,P300,322,17
1844,2025-08-04,C-02,P300,314,18
1845,2025-08-04,C-03,P200,378,14
1846,2025-08-04,D-01,P500,361,7
1847,2025-08-04,D-02,P600,616,10
1848,2025-08-04,D-03,P400,549,7
1849,2025-08-05,A-01,P100,466,6
1850,2025-08-05,A-02,P200,419,8
1851,2025-08-05,A-03,P500,352,8
1852,2025-08-05,B-01,P100,504,7
1853,2025-08-05,B-02,P400,546,9
1854,2025-08-05,B-03,P600,560,14
1855,2025-08-05,C-01,P300,313,10
1856,2025-08-05,C-02,P300,345,17
1857,2025-08-05,C-03,P200,398,6
1858,2025-08-05,D-01,P500,321,4
1859,2025-08-05,D-02,P600,675,10
1860,2025-08-05,D-03,P400,546,12
1861,2025-08-06,A-01,P100,459,5
1862,2025-08-06,A-02,P200,390,7
1863,2025-08-06,A-03,P500,343,9
1864,2025-08-06,B-01,P100,500,12
1865,2025-08-06,B-02,P400,549,9
1866,2025-08-06,B-03,P600,663,9
1867,2025-08-06,C-01,P300,332,19
1868,2025-08-06,C-02,P300,317,22
1869,2025-08-06,C-03,P200,369,6
1870,2025-08-06,D-01,P500,357,9
1871,2025-08-06,D-02,P600,564,7
1872,2025-08-06,D-03,P400,501,10
1873,2025-08-07,A-01,P100,437,5
1874,2025-08-07,A-02,P200,373,4
1875,2025-08-07,A-03,P500,363,6
1876,2025-08-07,B-01,P100,485,11
1877,2025-08-07,B-02,P400,557,8
1878,2025-08-07,B-03,P600,618,10
1879,2025-08-07,C-01,P300,318,9
1880,2025-08-07,C-02,P300,351,15
1881,2025-08-07,C-03,P200,393,9
1882,2025-08-07,D-01,P500,375,8
1883,2025-08-07,D-02,P600,638,8
1884,2025-08-07,D-03,P400,569,5
1885,2025-08-08,A-01,P100,474,6
1886,2025-08-08,A-02,P200,383,5
1887,2025-08-08,A-03,P500,366,8
1888,2025-08-08,B-01,P100,482,10
1889,2025-08-08,B-02,P400,523,4
1890,2025-08-08,B-03,P600,670,14
1891,2025-08-08,C-01,P300,325,11
1892,2025-08-08,C-02,P300,328,20
1893,2025-08-08,C-03,P200,401,10
1894,2025-08-08,D-01,P500,353,5
1895,2025-08-08,D-02,P600,638,11
1896,2025-08-08,D-03,P400,566,5
1897,2025-08-11,A-01,P100,441,5
1898,2025-08-11,A-02,P200,394,7
1899,2025-08-11,A-03,P500,342,6
1900,2025-08-11,B-01,P100,488,11
1901,2025-08-11,B-02,P400,548,7
1902,2025-08-11,B-03,P600,600,12
1903,2025-08-11,C-01,P300,340,11
1904,2025-08-11,C-02,P300,341,20
1905,2025-08-11,C-03,P200,407,11
1906,2025-08-11,D-01,P500,379,7
1907,2025-08-11,D-02,P600,592,10
1908,2025-08-11,D-03,P400,540,10
1909,2025-08-12,A-01,P100,485,11
1910,2025-08-12,A-02,P200,358,6
1911,2025-08-12,A-03,P500,350,6
1912,2025-08-12,B-01,P100,503,8
1913,2025-08-12,B-02,P400,507,5
1914,2025-08-12,B-03,P600,679,27
1915,2025-08-12,C-01,P300,328,4
1916,2025-08-12,C-02,P300,377,12
1917,2025-08-12,C-03,P200,376,10
1918,2025-08-12,D-01,P500,353,7
1919,2025-08-12,D-02,P600,556,17
1920,2025-08-12,D-03,P400,546,17
1921,2025-08-13,A-01,P100,430,10
1922,2025-08-13,A-02,P200,377,3
1923,2025-08-13,A-03,P500,337,5
1924,2025-08-13,B-01,P100,501,14
1925,2025-08-13,B-02,P400,456,6
1926,2025-08-13,B-03,P600,621,9
1927,2025-08-13,C-01,P300,342,9
1928,2025-08-13,C-02,P300,337,21
1929,2025-08-13,C-03,P200,381,7
1930,2025-08-13,D-01,P500,352,8
1931,2025-08-13,D-02,P600,605,11
1932,2025-08-13,D-03,P400,574,10
1933,2025-08-14,A-01,P100,482,10
1934,2025-08-14,A-02,P200,377,5
1935,2025-08-14,A-03,P500,345,5
1936,2025-08-14,B-01,P100,516,11
1937,2025-08-14,B-02,P400,543,7
1938,2025-08-14,B-03,P600,582,11
1939,2025-08-14,C-01,P300,331,10
1940,2025-08-14,C-02,P300,371,21
1941,2025-08-14,C-03,P200,399,6
1942,2025-08-14,D-01,P500,354,6
1943,2025-08-14,D-02,P600,559,10
1944,2025-08-14,D-03,P400,536,9
1945,2025-08-15,A-01,P100,459,5
1946,2025-08-15,A-02,P200,376,6
1947,2025-08-15,A-03,P500,369,2
1948,2025-08-15,B-01,P100,509,7
1949,2025-08-15,B-02,P400,495,6
1950,2025-08-15,B-03,P600,619,10
1951,2025-08-15,C-01,P300,312,16
1952,2025-08-15,C-02,P300,335,18
1953,2025-08-15,C-03,P200,360,13
1954,2025-08-15,D-01,P500,336,2
1955,2025-08-15,D-02,P600,548,18
1956,2025-08-15,D-03,P400,540,6
1957,2025-08-18,A-01,P100,465,5
1958,2025-08-18,A-02,P200,378,7
1959,2025-08-18,A-03,P500,342,4
1960,2025-08-18,B-01,P100,456,8
1961,2025-08-18,B-02,P400,524,8
1962,2025-08-18,B-03,P600,627,19
1963,2025-08-18,C-01,P300,340,13
1964,2025-08-18,C-02,P300,370,15
1965,2025-08-18,C-03,P200,414,5
1966,2025-08-18,D-01,P500,361,6
1967,2025-08-18,D-02,P600,592,6
1968,2025-08-18,D-03,P400,506,9
1969,2025-08-19,A-01,P100,420,5
1970,2025-08-19,A-02,P200,355,4
1971,2025-08-19,A-03,P500,320,11
1972,2025-08-19,B-01,P100,542,17
1973,2025-08-19,B-02,P400,546,5
1974,2025-08-19,B-03,P600,639,11
1975,2025-08-19,C-01,P300,330,8
1976,2025-08-19,C-02,P300,390,20
1977,2025-08-19,C-03,P200,364,9
1978,2025-08-19,D-01,P500,330,8
1979,2025-08-19,D-02,P600,690,13
1980,2025-08-19,D-03,P400,488,8
1981,2025-08-20,A-01,P100,451,4
1982,2025-08-20,A-02,P200,364,4
1983,2025-08-20,A-03,P500,359,9
1984,2025-08-20,B-01,P100,483,10
1985,2025-08-20,B-02,P400,557,7
1986,2025-08-20,B-03,P600,647,9
1987,2025-08-20,C-01,P300,307,9
1988,2025-08-20,C-02,P300,328,16
1989,2025-08-20,C-03,P200,403,11
1990,2025-08-20,D-01,P500,383,7
1991,2025-08-20,D-02,P600,614,11
1992,2025-08-20,D-03,P400,542,9
1993,2025-08-21,A-01,P100,496,8
1994,2025-08-21,A-02,P200,371,3
1995,2025-08-21,A-03,P500,355,4
1996,2025-08-21,B-01,P100,527,9
1997,2025-08-21,B-02,P400,576,9
1998,2025-08-21,B-03,P600,614,9
1999,2025-08-21,C-01,P300,320,12
2000,2025-08-21,C-02,P300,341,16
2001,2025-08-21,C-03,P200,387,10
2002,2025-08-21,D-01,P500,345,6
2003,2025-08-21,D-02,P600,585,10
2004,2025-08-21,D-03,P400,567,13
2005,2025-08-22,A-01,P100,471,11
2006,2025-08-22,A-02,P200,373,8
2007,2025-08-22,A-03,P500,332,6
2008,2025-08-22,B-01,P100,475,10
2009,2025-08-22,B-02,P400,489,11
2010,2025-08-22,B-03,P600,624,15
2011,2025-08-22,C-01,P300,321,9
2012,2025-08-22,C-02,P300,349,21
2013,2025-08-22,C-03,P200,403,6
2014,2025-08-22,D-01,P500,367,5
2015,2025-08-22,D-02,P600,594,11
2016,2025-08-22,D-03,P400,503,8
2017,2025-08-25,A-01,P100,428,4
2018,2025-08-25,A-02,P200,404,5
2019,2025-08-25,A-03,P500,357,9
2020,2025-08-25,B-01,P100,484,10
2021,2025-08-25,B-02,P400,555,7
2022,2025-08-25,B-03,P600,651,16
2023,2025-08-25,C-01,P300,322,9
2024,2025-08-25,C-02,P300,348,17
2025,2025-08-25,C-03,P200,393,9
2026,2025-08-25,D-01,P500,390,10
2027,2025-08-25,D-02,P600,596,12
2028,2025-08-25,D-03,P400,502,7
2029,2025-08-26,A-01,P100,467,3
2030,2025-08-26,A-02,P200,393,8
2031,2025-08-26,A-03,P500,355,5
2032,2025-08-26,B-01,P100,535,13
2033,2025-08-26,B-02,P400,527,9
2034,2025-08-26,B-03,P600,622,11
2035,2025-08-26,C-01,P300,308,15
2036,2025-08-26,C-02,P300,325,18
2037,2025-08-26,C-03,P200,373,11
2038,2025-08-26,D-01,P500,357,5
2039,2025-08-26,D-02,P600,564,7
2040,2025-08-26,D-03,P400,545,9
2041,2025-08-27,A-01,P100,438,10
2042,2025-08-27,A-02,P200,425,7
2043,2025-08-27,A-03,P500,338,5
2044,2025-08-27,B-01,P100,495,4
2045,2025-08-27,B-02,P400,535,12
2046,2025-08-27,B-03,P600,582,15
2047,2025-08-27,C-01,P300,331,13
2048,2025-08-27,C-02,P300,339,18
2049,2025-08-27,C-03,P200,406,7
2050,2025-08-27,D-01,P500,368,7
2051,2025-08-27,D-02,P600,626,10
2052,2025-08-27,D-03,P400,553,9
2053,2025-08-28,A-01,P100,472,1
2054,2025-08-28,A-02,P200,383,3
2055,2025-08-28,A-03,P500,338,3
2056,2025-08-28,B-01,P100,497,8
2057,2025-08-28,B-02,P400,511,8
2058,2025-08-28,B-03,P600,612,10
2059,2025-08-28,C-01,P300,330,11
2060,2025-08-28,C-02,P300,340,18
2061,2025-08-28,C-03,P200,360,9
2062,2025-08-28,D-01,P500,307,4
2063,2025-08-28,D-02,P600,593,11
2064,2025-08-28,D-03,P400,561,17
2065,2025-08-29,A-01,P100,459,10
2066,2025-08-29,A-02,P200,400,4
2067,2025-08-29,A-03,P500,335,5
2068,2025-08-29,B-01,P100,480,12
2069,2025-08-29,B-02,P400,606,7
2070,2025-08-29,B-03,P600,589,12
2071,2025-08-29,C-01,P300,344,15
2072,2025-08-29,C-02,P300,353,24
2073,2025-08-29,C-03,P200,396,9
2074,2025-08-29,D-01,P500,372,9
2075,2025-08-29,D-02,P600,580,6
2076,2025-08-29,D-03,P400,517,11
2077,2025-09-01,A-01,P100,394,6
2078,2025-09-01,A-02,P200,409,8
2079,2025-09-01,A-03,P500,363,2
2080,2025-09-01,B-01,P100,474,6
2081,2025-09-01,B-02,P400,512,7
2082,2025-09-01,B-03,P600,655,9
2083,2025-09-01,C-01,P300,320,10
2084,2025-09-01,C-02,P300,330,14
2085,2025-09-01,C-03,P200,365,9
2086,2025-09-01,D-01,P500,376,1
2087,2025-09-01,D-02,P600,642,8
2088,2025-09-01,D-03,P400,521,12
2089,2025-09-02,A-01,P100,484,4
2090,2025-09-02,A-02,P200,385,4
2091,2025-09-02,A-03,P500,330,1
2092,2025-09-02,B-01,P100,531,12
2093,2025-09-02,B-02,P400,506,6
2094,2025-09-02,B-03,P600,610,17
2095,2025-09-02,C-01,P300,330,15
2096,2025-09-02,C-02,P300,335,25
2097,2025-09-02,C-03,P200,346,8
2098,2025-09-02,D-01,P500,401,5
2099,2025-09-02,D-02,P600,547,4
2100,2025-09-02,D-03,P400,571,12
2101,2025-09-03,A-01,P100,435,4
2102,2025-09-03,A-02,P200,366,6
2103,2025-09-03,A-03,P500,378,2
2104,2025-09-03,B-01,P100,505,9
2105,2025-09-03,B-02,P400,496,7
2106,2025-09-03,B-03,P600,568,16
2107,2025-09-03,C-01,P300,340,17
2108,2025-09-03,C-02,P300,323,20
2109,2025-09-03,C-03,P200,398,11
2110,2025-09-03,D-01,P500,373,8
2111,2025-09-03,D-02,P600,581,14
2112,2025-09-03,D-03,P400,512,4
2113,2025-09-04,A-01,P100,466,9
2114,2025-09-04,A-02,P200,361,7
2115,2025-09-04,A-03,P500,353,4
2116,2025-09-04,B-01,P100,558,7
2117,2025-09-04,B-02,P400,548,6
2118,2025-09-04,B-03,P600,603,10
2119,2025-09-04,C-01,P300,374,16
2120,2025-09-04,C-02,P300,359,16
2121,2025-09-04,C-03,P200,365,9
2122,2025-09-04,D-01,P500,343,5
2123,2025-09-04,D-02,P600,550,10
2124,2025-09-04,D-03,P400,537,10
2125,2025-09-05,A-01,P100,405,7
2126,2025-09-05,A-02,P200,423,6
2127,2025-09-05,A-03,P500,346,3
2128,2025-09-05,B-01,P100,517,8
2129,2025-09-05,B-02,P400,526,10
2130,2025-09-05,B-03,P600,626,16
2131,2025-09-05,C-01,P300,331,17
2132,2025-09-05,C-02,P300,344,23
2133,2025-09-05,C-03,P200,413,11
2134,2025-09-05,D-01,P500,396,6
2135,2025-09-05,D-02,P600,663,12
2136,2025-09-05,D-03,P400,600,6
2137,2025-09-08,A-01,P100,439,6
2138,2025-09-08,A-02,P200,386,8
2139,2025-09-08,A-03,P500,338,8
2140,2025-09-08,B-01,P100,525,15
2141,2025-09-08,B-02,P400,507,8
2142,2025-09-08,B-03,P600,659,9
2143,2025-09-08,C-01,P300,338,7
2144,2025-09-08,C-02,P300,341,25
2145,2025-09-08,C-03,P200,387,5
2146,2025-09-08,D-01,P500,337,4
2147,2025-09-08,D-02,P600,571,16
2148,2025-09-08,D-03,P400,534,13
2149,2025-09-09,A-01,P100,463,9
2150,2025-09-09,A-02,P200,364,2
2151,2025-09-09,A-03,P500,346,2
2152,2025-09-09,B-01,P100,506,11
2153,2025-09-09,B-02,P400,512,7
2154,2025-09-09,B-03,P600,555,14
2155,2025-09-09,C-01,P300,363,15
2156,2025-09-09,C-02,P300,348,32
2157,2025-09-09,C-03,P200,376,8
2158,2025-09-09,D-01,P500,347,3
2159,2025-09-09,D-02,P600,579,8
2160,2025-09-09,D-03,P400,562,9
2161,2025-09-10,A-01,P100,424,6
2162,2025-09-10,A-02,P200,386,8
2163,2025-09-10,A-03,P500,359,8
2164,2025-09-10,B-01,P100,514,10
2165,2025-09-10,B-02,P400,525,7
2166,2025-09-10,B-03,P600,665,18
2167,2025-09-10,C-01,P300,349,12
2168,2025-09-10,C-02,P300,335,24
2169,2025-09-10,C-03,P200,371,6
2170,2025-09-10,D-01,P500,358,6
2171,2025-09-10,D-02,P600,591,9
2172,2025-09-10,D-03,P400,502,6
2173,2025-09-11,A-01,P100,459,4
2174,2025-09-11,A-02,P200,372,8
2175,2025-09-11,A-03,P500,385,1
2176,2025-09-11,B-01,P100,480,9
2177,2025-09-11,B-02,P400,514,13
2178,2025-09-11,B-03,P600,616,17
2179,2025-09-11,C-01,P300,339,12
2180,2025-09-11,C-02,P300,349,25
2181,2025-09-11,C-03,P200,394,7
2182,2025-09-11,D-01,P500,361,1
2183,2025-09-11,D-02,P600,606,11
2184,2025-09-11,D-03,P400,546,7
2185,2025-09-12,A-01,P100,432,4
2186,2025-09-12,A-02,P200,363,5
2187,2025-09-12,A-03,P500,322,3
2188,2025-09-12,B-01,P100,466,4
2189,2025-09-12,B-02,P400,568,14
2190,2025-09-12,B-03,P600,635,12
2191,2025-09-12,C-01,P300,369,15
2192,2025-09-12,C-02,P300,373,20
2193,2025-09-12,C-03,P200,399,7
2194,2025-09-12,D-01,P500,363,5
2195,2025-09-12,D-02,P600,608,15
2196,2025-09-12,D-03,P400,466,7
2197,2025-09-15,A-01,P100,455,6
2198,2025-09-15,A-02,P200,366,2
2199,2025-09-15,A-03,P500,334,10
2200,2025-09-15,B-01,P100,504,11
2201,2025-09-15,B-02,P400,530,8
2202,2025-09-15,B-03,P600,619,14
2203,2025-09-15,C-01,P300,314,16
2204,2025-09-15,C-02,P300,359,21
2205,2025-09-15,C-03,P200,377,14
2206,2025-09-15,D-01,P500,368,3
2207,2025-09-15,D-02,P600,594,12
2208,2025-09-15,D-03,P400,462,6
2209,2025-09-16,A-01,P100,469,5
2210,2025-09-16,A-02,P200,375,2
2211,2025-09-16,A-03,P500,320,6
2212,2025-09-16,B-01,P100,460,7
2213,2025-09-16,B-02,P400,563,16
2214,2025-09-16,B-03,P600,563,13
2215,2025-09-16,C-01,P300,325,11
2216,2025-09-16,C-02,P300,381,21
2217,2025-09-16,C-03,P200,397,5
2218,2025-09-16,D-01,P500,375,6
2219,2025-09-16,D-02,P600,597,14
2220,2025-09-16,D-03,P400,479,5
2221,2025-09-17,A-01,P100,462,5
2222,2025-09-17,A-02,P200,355,5
2223,2025-09-17,A-03,P500,328,6
2224,2025-09-17,B-01,P100,494,9
2225,2025-09-17,B-02,P400,505,8
2226,2025-09-17,B-03,P600,614,12
2227,2025-09-17,C-01,P300,321,10
2228,2025-09-17,C-02,P300,341,19
2229,2025-09-17,C-03,P200,375,8
2230,2025-09-17,D-01,P500,359,3
2231,2025-09-17,D-02,P600,656,10
2232,2025-09-17,D-03,P400,550,8
2233,2025-09-18,A-01,P100,453,5
2234,2025-09-18,A-02,P200,404,6
2235,2025-09-18,A-03,P500,359,8
2236,2025-09-18,B-01,P100,525,10
2237,2025-09-18,B-02,P400,493,10
2238,2025-09-18,B-03,P600,580,12
2239,2025-09-18,C-01,P300,337,12
2240,2025-09-18,C-02,P300,339,21
2241,2025-09-18,C-03,P200,386,5
2242,2025-09-18,D-01,P500,371,9
2243,2025-09-18,D-02,P600,613,10
2244,2025-09-18,D-03,P400,553,4
2245,2025-09-19,A-01,P100,478,6
2246,2025-09-19,A-02,P200,357,4
2247,2025-09-19,A-03,P500,308,3
2248,2025-09-19,B-01,P100,464,7
2249,2025-09-19,B-02,P400,503,10
2250,2025-09-19,B-03,P600,616,14
2251,2025-09-19,C-01,P300,334,16
2252,2025-09-19,C-02,P300,338,24
2253,2025-09-19,C-03,P200,396,10
2254,2025-09-19,D-01,P500,410,5
2255,2025-09-19,D-02,P600,597,14
2256,2025-09-19,D-03,P400,534,10
2257,2025-09-22,A-01,P100,456,2
2258,2025-09-22,A-02,P200,365,6
2259,2025-09-22,A-03,P500,362,8
2260,2025-09-22,B-01,P100,483,8
2261,2025-09-22,B-02,P400,511,6
2262,2025-09-22,B-03,P600,589,8
2263,2025-09-22,C-01,P300,351,9
2264,2025-09-22,C-02,P300,353,26
2265,2025-09-22,C-03,P200,375,15
2266,2025-09-22,D-01,P500,368,8
2267,2025-09-22,D-02,P600,605,15
2268,2025-09-22,D-03,P400,534,13
2269,2025-09-23,A-01,P100,440,6
2270,2025-09-23,A-02,P200,355,4
2271,2025-09-23,A-03,P500,345,10
2272,2025-09-23,B-01,P100,467,6
2273,2025-09-23,B-02,P400,507,8
2274,2025-09-23,B-03,P600,567,17
2275,2025-09-23,C-01,P300,293,13
2276,2025-09-23,C-02,P300,333,19
2277,2025-09-23,C-03,P200,411,7
2278,2025-09-23,D-01,P500,377,11
2279,2025-09-23,D-02,P600,662,10
2280,2025-09-23,D-03,P400,497,8
2281,2025-09-24,A-01,P100,473,5
2282,2025-09-24,A-02,P200,374,6
2283,2025-09-24,A-03,P500,337,5
2284,2025-09-24,B-01,P100,519,15
2285,2025-09-24,B-02,P400,531,13
2286,2025-09-24,B-03,P600,555,13
2287,2025-09-24,C-01,P300,349,12
2288,2025-09-24,C-02,P300,349,19
2289,2025-09-24,C-03,P200,388,8
2290,2025-09-24,D-01,P500,336,4
2291,2025-09-24,D-02,P600,613,6
2292,2025-09-24,D-03,P400,570,11
2293,2025-09-25,A-01,P100,465,5
2294,2025-09-25,A-02,P200,346,0
2295,2025-09-25,A-03,P500,359,2
2296,2025-09-25,B-01,P100,501,18
2297,2025-09-25,B-02,P400,557,7
2298,2025-09-25,B-03,P600,625,13
2299,2025-09-25,C-01,P300,316,16
2300,2025-09-25,C-02,P300,343,16
2301,2025-09-25,C-03,P200,380,12
2302,2025-09-25,D-01,P500,363,3
2303,2025-09-25,D-02,P600,641,8
2304,2025-09-25,D-03,P400,507,13
2305,2025-09-26,A-01,P100,503,4
2306,2025-09-26,A-02,P200,386,5
2307,2025-09-26,A-03,P500,367,4
2308,2025-09-26,B-01,P100,510,8
2309,2025-09-26,B-02,P400,546,7
2310,2025-09-26,B-03,P600,633,9
2311,2025-09-26,C-01,P300,276,8
2312,2025-09-26,C-02,P300,355,28
2313,2025-09-26,C-03,P200,367,4
2314,2025-09-26,D-01,P500,358,7
2315,2025-09-26,D-02,P600,617,11
2316,2025-09-26,D-03,P400,559,11
2317,2025-09-29,A-01,P100,434,4
2318,2025-09-29,A-02,P200,368,8
2319,2025-09-29,A-03,P500,344,6
2320,2025-09-29,B-01,P100,496,9
2321,2025-09-29,B-02,P400,527,11
2322,2025-09-29,B-03,P600,633,13
2323,2025-09-29,C-01,P300,301,11
2324,2025-09-29,C-02,P300,339,19
2325,2025-09-29,C-03,P200,421,9
2326,2025-09-29,D-01,P500,354,5
2327,2025-09-29,D-02,P600,619,9
2328,2025-09-29,D-03,P400,554,13
2329,2025-09-30,A-01,P100,466,4
2330,2025-09-30,A-02,P200,419,7
2331,2025-09-30,A-03,P500,352,3
2332,2025-09-30,B-01,P100,508,10
2333,2025-09-30,B-02,P400,542,10
2334,2025-09-30,B-03,P600,661,12
2335,2025-09-30,C-01,P300,326,11
2336,2025-09-30,C-02,P300,382,23
2337,2025-09-30,C-03,P200,372,12
2338,2025-09-30,D-01,P500,394,4
2339,2025-09-30,D-02,P600,572,12
2340,2025-09-30,D-03,P400,545,5
2341,2025-10-01,A-01,P100,456,7
2342,2025-10-01,A-02,P200,396,4
2343,2025-10-01,A-03,P500,359,4
2344,2025-10-01,B-01,P100,514,5
2345,2025-10-01,B-02,P400,505,9
2346,2025-10-01,B-03,P600,561,8
2347,2025-10-01,C-01,P300,312,14
2348,2025-10-01,C-02,P300,319,22
2349,2025-10-01,C-03,P200,364,8
2350,2025-10-01,D-01,P500,348,12
2351,2025-10-01,D-02,P600,586,16
2352,2025-10-01,D-03,P400,527,9
2353,2025-10-02,A-01,P100,435,6
2354,2025-10-02,A-02,P200,361,4
2355,2025-10-02,A-03,P500,347,5
2356,2025-10-02,B-01,P100,520,11
2357,2025-10-02,B-02,P400,523,8
2358,2025-10-02,B-03,P600,613,12
2359,2025-10-02,C-01,P300,335,9
2360,2025-10-02,C-02,P300,324,16
2361,2025-10-02,C-03,P200,379,9
2362,2025-10-02,D-01,P500,346,13
2363,2025-10-02,D-02,P600,637,12
2364,2025-10-02,D-03,P400,551,13
2365,2025-10-03,A-01,P100,437,8
2366,2025-10-03,A-02,P200,376,7
2367,2025-10-03,A-03,P500,363,1
2368,2025-10-03,B-01,P100,500,15
2369,2025-10-03,B-02,P400,548,7
2370,2025-10-03,B-03,P600,583,12
2371,2025-10-03,C-01,P300,365,19
2372,2025-10-03,C-02,P300,331,19
2373,2025-10-03,C-03,P200,372,8
2374,2025-10-03,D-01,P500,334,7
2375,2025-10-03,D-02,P600,600,11
2376,2025-10-03,D-03,P400,561,10
2377,2025-10-06,A-01,P100,464,8
2378,2025-10-06,A-02,P200,375,10
2379,2025-10-06,A-03,P500,366,1
2380,2025-10-06,B-01,P100,523,10
2381,2025-10-06,B-02,P400,560,10
2382,2025-10-06,B-03,P600,552,9
2383,2025-10-06,C-01,P300,348,17
2384,2025-10-06,C-02,P300,351,23
2385,2025-10-06,C-03,P200,369,7
2386,2025-10-06,D-01,P500,369,9
2387,2025-10-06,D-02,P600,645,10
2388,2025-10-06,D-03,P400,510,10
2389,2025-10-07,A-01,P100,480,9
2390,2025-10-07,A-02,P200,384,1
2391,2025-10-07,A-03,P500,297,2
2392,2025-10-07,B-01,P100,491,9
2393,2025-10-07,B-02,P400,544,9
2394,2025-10-07,B-03,P600,604,11
2395,2025-10-07,C-01,P300,340,16
2396,2025-10-07,C-02,P300,340,27
2397,2025-10-07,C-03,P200,436,11
2398,2025-10-07,D-01,P500,352,3
2399,2025-10-07,D-02,P600,580,16
2400,2025-10-07,D-03,P400,552,10
2401,2025-10-08,A-01,P100,450,5
2402,2025-10-08,A-02,P200,376,9
2403,2025-10-08,A-03,P500,348,7
2404,2025-10-08,B-01,P100,513,6
2405,2025-10-08,B-02,P400,504,6
2406,2025-10-08,B-03,P600,646,15
2407,2025-10-08,C-01,P300,344,12
2408,2025-10-08,C-02,P300,378,27
2409,2025-10-08,C-03,P200,390,9
2410,2025-10-08,D-01,P500,340,6
2411,2025-10-08,D-02,P600,613,10
2412,2025-10-08,D-03,P400,537,10
2413,2025-10-09,A-01,P100,488,6
2414,2025-10-09,A-02,P200,357,8
2415,2025-10-09,A-03,P500,322,6
2416,2025-10-09,B-01,P100,498,22
2417,2025-10-09,B-02,P400,592,8
2418,2025-10-09,B-03,P600,638,11
2419,2025-10-09,C-01,P300,347,15
2420,2025-10-09,C-02,P300,317,22
2421,2025-10-09,C-03,P200,387,11
2422,2025-10-09,D-01,P500,385,5
2423,2025-10-09,D-02,P600,618,15
2424,2025-10-09,D-03,P400,481,9
2425,2025-10-10,A-01,P100,457,4
2426,2025-10-10,A-02,P200,390,4
2427,2025-10-10,A-03,P500,289,4
2428,2025-10-10,B-01,P100,490,14
2429,2025-10-10,B-02,P400,509,11
2430,2025-10-10,B-03,P600,645,19
2431,2025-10-10,C-01,P300,326,13
2432,2025-10-10,C-02,P300,351,22
2433,2025-10-10,C-03,P200,386,8
2434,2025-10-10,D-01,P500,351,4
2435,2025-10-10,D-02,P600,675,14
2436,2025-10-10,D-03,P400,510,11
2437,2025-10-13,A-01,P100,459,8
2438,2025-10-13,A-02,P200,378,7
2439,2025-10-13,A-03,P500,355,4
2440,2025-10-13,B-01,P100,545,11
2441,2025-10-13,B-02,P400,554,13
2442,2025-10-13,B-03,P600,599,13
2443,2025-10-13,C-01,P300,362,16
2444,2025-10-13,C-02,P300,357,26
2445,2025-10-13,C-03,P200,377,9
2446,2025-10-13,D-01,P500,387,4
2447,2025-10-13,D-02,P600,561,8
2448,2025-10-13,D-03,P400,495,6
2449,2025-10-14,A-01,P100,415,8
2450,2025-10-14,A-02,P200,335,4
2451,2025-10-14,A-03,P500,376,3
2452,2025-10-14,B-01,P100,498,9
2453,2025-10-14,B-02,P400,489,6
2454,2025-10-14,B-03,P600,614,12
2455,2025-10-14,C-01,P300,351,9
2456,2025-10-14,C-02,P300,328,24
2457,2025-10-14,C-03,P200,380,7
2458,2025-10-14,D-01,P500,402,7
2459,2025-10-14,D-02,P600,599,10
2460,2025-10-14,D-03,P400,484,11
2461,2025-10-15,A-01,P100,443,10
2462,2025-10-15,A-02,P200,344,4
2463,2025-10-15,A-03,P500,365,4
2464,2025-10-15,B-01,P100,468,10
2465,2025-10-15,B-02,P400,509,13
2466,2025-10-15,B-03,P600,691,6
2467,2025-10-15,C-01,P300,311,15
2468,2025-10-15,C-02,P300,316,23
2469,2025-10-15,C-03,P200,364,5
2470,2025-10-15,D-01,P500,380,5
2471,2025-10-15,D-02,P600,625,9
2472,2025-10-15,D-03,P400,511,11
2473,2025-10-16,A-01,P100,441,2
2474,2025-10-16,A-02,P200,387,8
2475,2025-10-16,A-03,P500,356,6
2476,2025-10-16,B-01,P100,487,7
2477,2025-10-16,B-02,P400,553,7
2478,2025-10-16,B-03,P600,577,9
2479,2025-10-16,C-01,P300,318,14
2480,2025-10-16,C-02,P300,355,26
2481,2025-10-16,C-03,P200,393,13
2482,2025-10-16,D-01,P500,318,8
2483,2025-10-16,D-02,P600,608,12
2484,2025-10-16,D-03,P400,591,9
2485,2025-10-17,A-01,P100,478,7
2486,2025-10-17,A-02,P200,367,1
2487,2025-10-17,A-03,P500,336,2
2488,2025-10-17,B-01,P100,502,10
2489,2025-10-17,B-02,P400,573,14
2490,2025-10-17,B-03,P600,555,16
2491,2025-10-17,C-01,P300,339,12
2492,2025-10-17,C-02,P300,336,21
2493,2025-10-17,C-03,P200,391,7
2494,2025-10-17,D-01,P500,331,4
2495,2025-10-17,D-02,P600,648,8
2496,2025-10-17,D-03,P400,572,7
2497,2025-10-20,A-01,P100,475,7
2498,2025-10-20,A-02,P200,415,9
2499,2025-10-20,A-03,P500,344,5
2500,2025-10-20,B-01,P100,499,10
2501,2025-10-20,B-02,P400,558,7
2502,2025-10-20,B-03,P600,628,11
2503,2025-10-20,C-01,P300,329,20
2504,2025-10-20,C-02,P300,340,25
2505,2025-10-20,C-03,P200,417,7
2506,2025-10-20,D-01,P500,360,4
2507,2025-10-20,D-02,P600,646,11
2508,2025-10-20,D-03,P400,525,16
2509,2025-10-21,A-01,P100,486,7
2510,2025-10-21,A-02,P200,380,5
2511,2025-10-21,A-03,P500,364,3
2512,2025-10-21,B-01,P100,474,8
2513,2025-10-21,B-02,P400,544,14
2514,2025-10-21,B-03,P600,593,15
2515,2025-10-21,C-01,P300,326,20
2516,2025-10-21,C-02,P300,336,22
2517,2025-10-21,C-03,P200,383,7
2518,2025-10-21,D-01,P500,381,13
2519,2025-10-21,D-02,P600,591,12
2520,2025-10-21,D-03,P400,532,12
2521,2025-10-22,A-01,P100,486,7
2522,2025-10-22,A-02,P200,391,2
2523,2025-10-22,A-03,P500,317,7
2524,2025-10-22,B-01,P100,452,6
2525,2025-10-22,B-02,P400,548,9
2526,2025-10-22,B-03,P600,598,9
2527,2025-10-22,C-01,P300,304,16
2528,2025-10-22,C-02,P300,332,18
2529,2025-10-22,C-03,P200,396,9
2530,2025-10-22,D-01,P500,353,2
2531,2025-10-22,D-02,P600,608,12
2532,2025-10-22,D-03,P400,520,8
2533,2025-10-23,A-01,P100,439,6
2534,2025-10-23,A-02,P200,383,6
2535,2025-10-23,A-03,P500,318,8
2536,2025-10-23,B-01,P100,469,7
2537,2025-10-23,B-02,P400,560,7
2538,2025-10-23,B-03,P600,566,16
2539,2025-10-23,C-01,P300,334,9
2540,2025-10-23,C-02,P300,335,20
2541,2025-10-23,C-03,P200,375,9
2542,2025-10-23,D-01,P500,378,5
2543,2025-10-23,D-02,P600,644,10
2544,2025-10-23,D-03,P400,496,12
2545,2025-10-24,A-01,P100,389,8
2546,2025-10-24,A-02,P200,374,7
2547,2025-10-24,A-03,P500,314,4
2548,2025-10-24,B-01,P100,515,5
2549,2025-10-24,B-02,P400,535,8
2550,2025-10-24,B-03,P600,564,11
2551,2025-10-24,C-01,P300,319,23
2552,2025-10-24,C-02,P300,321,17
2553,2025-10-24,C-03,P200,369,9
2554,2025-10-24,D-01,P500,323,4
2555,2025-10-24,D-02,P600,654,8
2556,2025-10-24,D-03,P400,497,10
2557,2025-10-27,A-01,P100,457,9
2558,2025-10-27,A-02,P200,387,4
2559,2025-10-27,A-03,P500,373,4
2560,2025-10-27,B-01,P100,493,9
2561,2025-10-27,B-02,P400,528,10
2562,2025-10-27,B-03,P600,618,4
2563,2025-10-27,C-01,P300,314,8
2564,2025-10-27,C-02,P300,324,14
2565,2025-10-27,C-03,P200,380,12
2566,2025-10-27,D-01,P500,317,6
2567,2025-10-27,D-02,P600,583,7
2568,2025-10-27,D-03,P400,513,12
2569,2025-10-28,A-01,P100,507,7
2570,2025-10-28,A-02,P200,405,8
2571,2025-10-28,A-03,P500,360,4
2572,2025-10-28,B-01,P100,516,7
2573,2025-10-28,B-02,P400,506,6
2574,2025-10-28,B-03,P600,619,7
2575,2025-10-28,C-01,P300,347,10
2576,2025-10-28,C-02,P300,324,22
2577,2025-10-28,C-03,P200,355,13
2578,2025-10-28,D-01,P500,367,5
2579,2025-10-28,D-02,P600,560,9
2580,2025-10-28,D-03,P400,543,7
2581,2025-10-29,A-01,P100,485,4
2582,2025-10-29,A-02,P200,358,3
2583,2025-10-29,A-03,P500,334,5
2584,2025-10-29,B-01,P100,521,7
2585,2025-10-29,B-02,P400,537,7
2586,2025-10-29,B-03,P600,647,17
2587,2025-10-29,C-01,P300,329,13
2588,2025-10-29,C-02,P300,339,26
2589,2025-10-29,C-03,P200,387,6
2590,2025-10-29,D-01,P500,394,6
2591,2025-10-29,D-02,P600,634,8
2592,2025-10-29,D-03,P400,506,7
2593,2025-10-30,A-01,P100,462,6
2594,2025-10-30,A-02,P200,371,6
2595,2025-10-30,A-03,P500,341,2
2596,2025-10-30,B-01,P100,506,9
2597,2025-10-30,B-02,P400,544,7
2598,2025-10-30,B-03,P600,583,15
2599,2025-10-30,C-01,P300,334,15
2600,2025-10-30,C-02,P300,332,22
2601,2025-10-30,C-03,P200,396,10
2602,2025-10-30,D-01,P500,348,3
2603,2025-10-30,D-02,P600,600,10
2604,2025-10-30,D-03,P400,513,7
2605,2025-10-31,A-01,P100,413,9
2606,2025-10-31,A-02,P200,412,11
2607,2025-10-31,A-03,P500,352,7
2608,2025-10-31,B-01,P100,538,9
2609,2025-10-31,B-02,P400,538,10
2610,2025-10-31,B-03,P600,639,10
2611,2025-10-31,C-01,P300,322,21
2612,2025-10-31,C-02,P300,331,34
2613,2025-10-31,C-03,P200,386,6
2614,2025-10-31,D-01,P500,393,8
2615,2025-10-31,D-02,P600,575,9
2616,2025-10-31,D-03,P400,471,7
2617,2025-11-03,A-01,P100,484,10
2618,2025-11-03,A-02,P200,394,8
2619,2025-11-03,A-03,P500,343,11
2620,2025-11-03,B-01,P100,550,8
2621,2025-11-03,B-02,P400,601,10
2622,2025-11-03,B-03,P600,555,14
2623,2025-11-03,C-01,P300,321,4
2624,2025-11-03,C-02,P300,342,28
2625,2025-11-03,C-03,P200,395,6
2626,2025-11-03,D-01,P500,365,5
2627,2025-11-03,D-02,P600,607,12
2628,2025-11-03,D-03,P400,496,8
2629,2025-11-04,A-01,P100,470,10
2630,2025-11-04,A-02,P200,390,5
2631,2025-11-04,A-03,P500,370,6
2632,2025-11-04,B-01,P100,459,4
2633,2025-11-04,B-02,P400,530,6
2634,2025-11-04,B-03,P600,599,18
2635,2025-11-04,C-01,P300,311,9
2636,2025-11-04,C-02,P300,338,18
2637,2025-11-04,C-03,P200,365,5
2638,2025-11-04,D-01,P500,333,7
2639,2025-11-04,D-02,P600,632,13
2640,2025-11-04,D-03,P400,514,7
2641,2025-11-05,A-01,P100,439,2
2642,2025-11-05,A-02,P200,404,7
2643,2025-11-05,A-03,P500,364,2
2644,2025-11-05,B-01,P100,437,10
2645,2025-11-05,B-02,P400,548,7
2646,2025-11-05,B-03,P600,629,16
2647,2025-11-05,C-01,P300,329,12
2648,2025-11-05,C-02,P300,337,21
2649,2025-11-05,C-03,P200,352,7
2650,2025-11-05,D-01,P500,402,9
2651,2025-11-05,D-02,P600,598,6
2652,2025-11-05,D-03,P400,538,13
2653,2025-11-06,A-01,P100,452,11
2654,2025-11-06,A-02,P200,363,8
2655,2025-11-06,A-03,P500,368,4
2656,2025-11-06,B-01,P100,496,19
2657,2025-11-06,B-02,P400,529,10
2658,2025-11-06,B-03,P600,627,15
2659,2025-11-06,C-01,P300,332,13
2660,2025-11-06,C-02,P300,376,21
2661,2025-11-06,C-03,P200,404,10
2662,2025-11-06,D-01,P500,370,4
2663,2025-11-06,D-02,P600,555,12
2664,2025-11-06,D-03,P400,543,7
2665,2025-11-07,A-01,P100,470,11
2666,2025-11-07,A-02,P200,357,5
2667,2025-11-07,A-03,P500,321,4
2668,2025-11-07,B-01,P100,513,9
2669,2025-11-07,B-02,P400,563,8
2670,2025-11-07,B-03,P600,594,7
2671,2025-11-07,C-01,P300,321,8
2672,2025-11-07,C-02,P300,345,12
2673,2025-11-07,C-03,P200,377,10
2674,2025-11-07,D-01,P500,329,3
2675,2025-11-07,D-02,P600,572,13
2676,2025-11-07,D-03,P400,536,11
2677,2025-11-10,A-01,P100,433,4
2678,2025-11-10,A-02,P200,398,6
2679,2025-11-10,A-03,P500,361,10
2680,2025-11-10,B-01,P100,502,8
2681,2025-11-10,B-02,P400,539,9
2682,2025-11-10,B-03,P600,590,5
2683,2025-11-10,C-01,P300,346,13
2684,2025-11-10,C-02,P300,328,18
2685,2025-11-10,C-03,P200,408,10
2686,2025-11-10,D-01,P500,391,6
2687,2025-11-10,D-02,P600,611,10
2688,2025-11-10,D-03,P400,568,6
2689,2025-11-11,A-01,P100,432,4
2690,2025-11-11,A-02,P200,388,4
2691,2025-11-11,A-03,P500,351,7
2692,2025-11-11,B-01,P100,514,12
2693,2025-11-11,B-02,P400,477,6
2694,2025-11-11,B-03,P600,640,12
2695,2025-11-11,C-01,P300,321,10
2696,2025-11-11,C-02,P300,343,16
2697,2025-11-11,C-03,P200,431,7
2698,2025-11-11,D-01,P500,371,6
2699,2025-11-11,D-02,P600,620,12
2700,2025-11-11,D-03,P400,537,5
2701,2025-11-12,A-01,P100,486,4
2702,2025-11-12,A-02,P200,395,8
2703,2025-11-12,A-03,P500,358,7
2704,2025-11-12,B-01,P100,498,6
2705,2025-11-12,B-02,P400,540,5
2706,2025-11-12,B-03,P600,613,8
2707,2025-11-12,C-01,P300,311,8
2708,2025-11-12,C-02,P300,353,12
2709,2025-11-12,C-03,P200,374,8
2710,2025-11-12,D-01,P500,381,15
2711,2025-11-12,D-02,P600,600,2
2712,2025-11-12,D-03,P400,554,8
2713,2025-11-13,A-01,P100,456,10
2714,2025-11-13,A-02,P200,375,3
2715,2025-11-13,A-03,P500,354,7
2716,2025-11-13,B-01,P100,483,10
2717,2025-11-13,B-02,P400,597,9
2718,2025-11-13,B-03,P600,679,12
2719,2025-11-13,C-01,P300,368,11
2720,2025-11-13,C-02,P300,349,13
2721,2025-11-13,C-03,P200,373,8
2722,2025-11-13,D-01,P500,379,7
2723,2025-11-13,D-02,P600,596,10
2724,2025-11-13,D-03,P400,557,10
2725,2025-11-14,A-01,P100,440,6
2726,2025-11-14,A-02,P200,386,5
2727,2025-11-14,A-03,P500,374,11
2728,2025-11-14,B-01,P100,485,7
2729,2025-11-14,B-02,P400,528,9
2730,2025-11-14,B-03,P600,566,9
2731,2025-11-14,C-01,P300,322,12
2732,2025-11-14,C-02,P300,348,21
2733,2025-11-14,C-03,P200,396,6
2734,2025-11-14,D-01,P500,372,8
2735,2025-11-14,D-02,P600,546,13
2736,2025-11-14,D-03,P400,518,8
2737,2025-11-17,A-01,P100,423,7
2738,2025-11-17,A-02,P200,383,7
2739,2025-11-17,A-03,P500,320,0
2740,2025-11-17,B-01,P100,462,9
2741,2025-11-17,B-02,P400,560,10
2742,2025-11-17,B-03,P600,597,10
2743,2025-11-17,C-01,P300,360,13
2744,2025-11-17,C-02,P300,355,16
2745,2025-11-17,C-03,P200,381,4
2746,2025-11-17,D-01,P500,380,4
2747,2025-11-17,D-02,P600,601,15
2748,2025-11-17,D-03,P400,549,8
2749,2025-11-18,A-01,P100,439,4
2750,2025-11-18,A-02,P200,400,5
2751,2025-11-18,A-03,P500,321,3
2752,2025-11-18,B-01,P100,462,7
2753,2025-11-18,B-02,P400,508,6
2754,2025-11-18,B-03,P600,595,17
2755,2025-11-18,C-01,P300,340,5
2756,2025-11-18,C-02,P300,343,20
2757,2025-11-18,C-03,P200,403,6
2758,2025-11-18,D-01,P500,384,7
2759,2025-11-18,D-02,P600,551,12
2760,2025-11-18,D-03,P400,566,9
2761,2025-11-19,A-01,P100,452,8
2762,2025-11-19,A-02,P200,416,11
2763,2025-11-19,A-03,P500,337,4
2764,2025-11-19,B-01,P100,440,9
2765,2025-11-19,B-02,P400,555,12
2766,2025-11-19,B-03,P600,635,6
2767,2025-11-19,C-01,P300,314,12
2768,2025-11-19,C-02,P300,324,14
2769,2025-11-19,C-03,P200,404,9
2770,2025-11-19,D-01,P500,368,3
2771,2025-11-19,D-02,P600,596,15
2772,2025-11-19,D-03,P400,542,9
2773,2025-11-20,A-01,P100,464,7
2774,2025-11-20,A-02,P200,359,7
2775,2025-11-20,A-03,P500,369,7
2776,2025-11-20,B-01,P100,511,11
2777,2025-11-20,B-02,P400,537,7
2778,2025-11-20,B-03,P600,644,17
2779,2025-11-20,C-01,P300,370,8
2780,2025-11-20,C-02,P300,323,13
2781,2025-11-20,C-03,P200,381,9
2782,2025-11-20,D-01,P500,356,6
2783,2025-11-20,D-02,P600,634,14
2784,2025-11-20,D-03,P400,509,7
2785,2025-11-21,A-01,P100,476,4
2786,2025-11-21,A-02,P200,367,3
2787,2025-11-21,A-03,P500,330,6
2788,2025-11-21,B-01,P100,494,11
2789,2025-11-21,B-02,P400,521,9
2790,2025-11-21,B-03,P600,621,16
2791,2025-11-21,C-01,P300,342,11
2792,2025-11-21,C-02,P300,313,9
2793,2025-11-21,C-03,P200,378,6
2794,2025-11-21,D-01,P500,362,5
2795,2025-11-21,D-02,P600,635,10
2796,2025-11-21,D-03,P400,548,7
2797,2025-11-24,A-01,P100,436,8
2798,2025-11-24,A-02,P200,374,7
2799,2025-11-24,A-03,P500,361,1
2800,2025-11-24,B-01,P100,486,6
2801,2025-11-24,B-02,P400,514,10
2802,2025-11-24,B-03,P600,614,17
2803,2025-11-24,C-01,P300,341,15
2804,2025-11-24,C-02,P300,325,19
2805,2025-11-24,C-03,P200,399,9
2806,2025-11-24,D-01,P500,363,9
2807,2025-11-24,D-02,P600,627,12
2808,2025-11-24,D-03,P400,526,8
2809,2025-11-25,A-01,P100,502,6
2810,2025-11-25,A-02,P200,385,7
2811,2025-11-25,A-03,P500,366,1
2812,2025-11-25,B-01,P100,508,7
2813,2025-11-25,B-02,P400,531,13
2814,2025-11-25,B-03,P600,624,9
2815,2025-11-25,C-01,P300,323,15
2816,2025-11-25,C-02,P300,374,13
2817,2025-11-25,C-03,P200,397,12
2818,2025-11-25,D-01,P500,344,8
2819,2025-11-25,D-02,P600,653,7
2820,2025-11-25,D-03,P400,524,9
2821,2025-11-26,A-01,P100,480,10
2822,2025-11-26,A-02,P200,344,2
2823,2025-11-26,A-03,P500,374,7
2824,2025-11-26,B-01,P100,504,17
2825,2025-11-26,B-02,P400,511,5
2826,2025-11-26,B-03,P600,629,17
2827,2025-11-26,C-01,P300,362,8
2828,2025-11-26,C-02,P300,332,18
2829,2025-11-26,C-03,P200,374,4
2830,2025-11-26,D-01,P500,356,8
2831,2025-11-26,D-02,P600,609,12
2832,2025-11-26,D-03,P400,556,14
2833,2025-11-27,A-01,P100,469,5
2834,2025-11-27,A-02,P200,374,7
2835,2025-11-27,A-03,P500,357,3
2836,2025-11-27,B-01,P100,540,11
2837,2025-11-27,B-02,P400,556,14
2838,2025-11-27,B-03,P600,612,15
2839,2025-11-27,C-01,P300,330,14
2840,2025-11-27,C-02,P300,347,18
2841,2025-11-27,C-03,P200,407,6
2842,2025-11-27,D-01,P500,346,10
2843,2025-11-27,D-02,P600,633,6
2844,2025-11-27,D-03,P400,524,11
2845,2025-11-28,A-01,P100,458,3
2846,2025-11-28,A-02,P200,430,4
2847,2025-11-28,A-03,P500,365,4
2848,2025-11-28,B-01,P100,479,5
2849,2025-11-28,B-02,P400,549,11
2850,2025-11-28,B-03,P600,650,13
2851,2025-11-28,C-01,P300,347,11
2852,2025-11-28,C-02,P300,304,12
2853,2025-11-28,C-03,P200,326,9
2854,2025-11-28,D-01,P500,360,4
2855,2025-11-28,D-02,P600,622,9
2856,2025-11-28,D-03,P400,538,11
2857,2025-12-01,A-01,P100,446,8
2858,2025-12-01,A-02,P200,393,14
2859,2025-12-01,A-03,P500,374,5
2860,2025-12-01,B-01,P100,450,6
2861,2025-12-01,B-02,P400,488,12
2862,2025-12-01,B-03,P600,629,16
2863,2025-12-01,C-01,P300,349,13
2864,2025-12-01,C-02,P300,332,9
2865,2025-12-01,C-03,P200,344,10
2866,2025-12-01,D-01,P500,360,6
2867,2025-12-01,D-02,P600,620,12
2868,2025-12-01,D-03,P400,520,8
2869,2025-12-02,A-01,P100,483,8
2870,2025-12-02,A-02,P200,385,6
2871,2025-12-02,A-03,P500,339,6
2872,2025-12-02,B-01,P100,477,5
2873,2025-12-02,B-02,P400,537,9
2874,2025-12-02,B-03,P600,604,14
2875,2025-12-02,C-01,P300,303,9
2876,2025-12-02,C-02,P300,347,11
2877,2025-12-02,C-03,P200,375,7
2878,2025-12-02,D-01,P500,353,7
2879,2025-12-02,D-02,P600,572,12
2880,2025-12-02,D-03,P400,573,9
2881,2025-12-03,A-01,P100,473,8
2882,2025-12-03,A-02,P200,417,7
2883,2025-12-03,A-03,P500,346,6
2884,2025-12-03,B-01,P100,511,8
2885,2025-12-03,B-02,P400,544,9
2886,2025-12-03,B-03,P600,594,17
2887,2025-12-03,C-01,P300,329,10
2888,2025-12-03,C-02,P300,354,12
2889,2025-12-03,C-03,P200,365,6
2890,2025-12-03,D-01,P500,381,6
2891,2025-12-03,D-02,P600,612,16
2892,2025-12-03,D-03,P400,554,6
2893,2025-12-04,A-01,P100,467,14
2894,2025-12-04,A-02,P200,345,1
2895,2025-12-04,A-03,P500,351,2
2896,2025-12-04,B-01,P100,521,10
2897,2025-12-04,B-02,P400,541,9
2898,2025-12-04,B-03,P600,616,14
2899,2025-12-04,C-01,P300,337,11
2900,2025-12-04,C-02,P300,309,13
2901,2025-12-04,C-03,P200,412,12
2902,2025-12-04,D-01,P500,316,3
2903,2025-12-04,D-02,P600,654,13
2904,2025-12-04,D-03,P400,517,5
2905,2025-12-05,A-01,P100,469,4
2906,2025-12-05,A-02,P200,340,6
2907,2025-12-05,A-03,P500,367,7
2908,2025-12-05,B-01,P100,509,8
2909,2025-12-05,B-02,P400,552,12
2910,2025-12-05,B-03,P600,552,11
2911,2025-12-05,C-01,P300,320,8
2912,2025-12-05,C-02,P300,350,17
2913,2025-12-05,C-03,P200,411,15
2914,2025-12-05,D-01,P500,342,5
2915,2025-12-05,D-02,P600,577,5
2916,2025-12-05,D-03,P400,537,6
2917,2025-12-08,A-01,P100,520,7
2918,2025-12-08,A-02,P200,365,8
2919,2025-12-08,A-03,P500,345,3
2920,2025-12-08,B-01,P100,479,9
2921,2025-12-08,B-02,P400,533,10
2922,2025-12-08,B-03,P600,658,12
2923,2025-12-08,C-01,P300,333,16
2924,2025-12-08,C-02,P300,390,15
2925,2025-12-08,C-03,P200,389,7
2926,2025-12-08,D-01,P500,387,8
2927,2025-12-08,D-02,P600,597,14
2928,2025-12-08,D-03,P400,492,8
2929,2025-12-09,A-01,P100,456,8
2930,2025-12-09,A-02,P200,389,6
2931,2025-12-09,A-03,P500,337,7
2932,2025-12-09,B-01,P100,524,14
2933,2025-12-09,B-02,P400,523,17
2934,2025-12-09,B-03,P600,581,10
2935,2025-12-09,C-01,P300,377,12
2936,2025-12-09,C-02,P300,328,11
2937,2025-12-09,C-03,P200,376,11
2938,2025-12-09,D-01,P500,375,6
2939,2025-12-09,D-02,P600,596,14
2940,2025-12-09,D-03,P400,499,7
2941,2025-12-10,A-01,P100,442,7
2942,2025-12-10,A-02,P200,419,8
2943,2025-12-10,A-03,P500,363,5
2944,2025-12-10,B-01,P100,514,5
2945,2025-12-10,B-02,P400,545,10
2946,2025-12-10,B-03,P600,631,8
2947,2025-12-10,C-01,P300,327,8
2948,2025-12-10,C-02,P300,346,9
2949,2025-12-10,C-03,P200,345,6
2950,2025-12-10,D-01,P500,380,4
2951,2025-12-10,D-02,P600,593,9
2952,2025-12-10,D-03,P400,494,11
2953,2025-12-11,A-01,P100,462,3
2954,2025-12-11,A-02,P200,374,13
2955,2025-12-11,A-03,P500,370,4
2956,2025-12-11,B-01,P100,491,8
2957,2025-12-11,B-02,P400,519,10
2958,2025-12-11,B-03,P600,615,13
2959,2025-12-11,C-01,P300,361,9
2960,2025-12-11,C-02,P300,361,12
2961,2025-12-11,C-03,P200,399,8
2962,2025-12-11,D-01,P500,381,6
2963,2025-12-11,D-02,P600,629,13
2964,2025-12-11,D-03,P400,502,12
2965,2025-12-12,A-01,P100,477,6
2966,2025-12-12,A-02,P200,402,9
2967,2025-12-12,A-03,P500,375,8
2968,2025-12-12,B-01,P100,463,5
2969,2025-12-12,B-02,P400,522,6
2970,2025-12-12,B-03,P600,594,12
2971,2025-12-12,C-01,P300,328,13
2972,2025-12-12,C-02,P300,352,17
2973,2025-12-12,C-03,P200,391,10
2974,2025-12-12,D-01,P500,364,6
2975,2025-12-12,D-02,P600,563,5
2976,2025-12-12,D-03,P400,512,11
2977,2025-12-15,A-01,P100,490,11
2978,2025-12-15,A-02,P200,402,10
2979,2025-12-15,A-03,P500,350,8
2980,2025-12-15,B-01,P100,514,13
2981,2025-12-15,B-02,P400,548,6
2982,2025-12-15,B-03,P600,647,10
2983,2025-12-15,C-01,P300,350,10
2984,2025-12-15,C-02,P300,382,24
2985,2025-12-15,C-03,P200,387,13
2986,2025-12-15,D-01,P500,372,4
2987,2025-12-15,D-02,P600,622,11
2988,2025-12-15,D-03,P400,529,11
2989,2025-12-16,A-01,P100,453,6
2990,2025-12-16,A-02,P200,415,5
2991,2025-12-16,A-03,P500,353,5
2992,2025-12-16,B-01,P100,512,13
2993,2025-12-16,B-02,P400,586,4
2994,2025-12-16,B-03,P600,636,9
2995,2025-12-16,C-01,P300,344,13
2996,2025-12-16,C-02,P300,344,14
2997,2025-12-16,C-03,P200,397,6
2998,2025-12-16,D-01,P500,355,5
2999,2025-12-16,D-02,P600,690,12
3000,2025-12-16,D-03,P400,490,7
3001,2025-12-17,A-01,P100,454,10
3002,2025-12-17,A-02,P200,391,1
3003,2025-12-17,A-03,P500,362,7
3004,2025-12-17,B-01,P100,485,10
3005,2025-12-17,B-02,P400,488,4
3006,2025-12-17,B-03,P600,576,9
3007,2025-12-17,C-01,P300,339,11
3008,2025-12-17,C-02,P300,307,7
3009,2025-12-17,C-03,P200,401,9
3010,2025-12-17,D-01,P500,385,5
3011,2025-12-17,D-02,P600,636,7
3012,2025-12-17,D-03,P400,559,10
3013,2025-12-18,A-01,P100,398,10
3014,2025-12-18,A-02,P200,339,5
3015,2025-12-18,A-03,P500,347,3
3016,2025-12-18,B-01,P100,467,6
3017,2025-12-18,B-02,P400,492,11
3018,2025-12-18,B-03,P600,601,19
3019,2025-12-18,C-01,P300,364,7
3020,2025-12-18,C-02,P300,380,15
3021,2025-12-18,C-03,P200,369,7
3022,2025-12-18,D-01,P500,363,10
3023,2025-12-18,D-02,P600,622,13
3024,2025-12-18,D-03,P400,522,6
3025,2025-12-19,A-01,P100,491,0
3026,2025-12-19,A-02,P200,369,5
3027,2025-12-19,A-03,P500,340,4
3028,2025-12-19,B-01,P100,471,7
3029,2025-12-19,B-02,P400,530,9
3030,2025-12-19,B-03,P600,529,9
3031,2025-12-19,C-01,P300,331,12
3032,2025-12-19,C-02,P300,346,11
3033,2025-12-19,C-03,P200,340,12
3034,2025-12-19,D-01,P500,365,4
3035,2025-12-19,D-02,P600,573,7
3036,2025-12-19,D-03,P400,534,5
3037,2025-12-22,A-01,P100,462,7
3038,2025-12-22,A-02,P200,383,8
3039,2025-12-22,A-03,P500,369,9
3040,2025-12-22,B-01,P100,409,10
3041,2025-12-22,B-02,P400,506,7
3042,2025-12-22,B-03,P600,609,12
3043,2025-12-22,C-01,P300,303,9
3044,2025-12-22,C-02,P300,358,5
3045,2025-12-22,C-03,P200,368,9
3046,2025-12-22,D-01,P500,381,5
3047,2025-12-22,D-02,P600,643,16
3048,2025-12-22,D-03,P400,525,10
3049,2025-12-23,A-01,P100,453,8
3050,2025-12-23,A-02,P200,349,5
3051,2025-12-23,A-03,P500,353,5
3052,2025-12-23,B-01,P100,516,18
3053,2025-12-23,B-02,P400,547,8
3054,2025-12-23,B-03,P600,666,13
3055,2025-12-23,C-01,P300,328,10
3056,2025-12-23,C-02,P300,337,14
3057,2025-12-23,C-03,P200,369,10
3058,2025-12-23,D-01,P500,404,5
3059,2025-12-23,D-02,P600,560,11
3060,2025-12-23,D-03,P400,551,6
3061,2025-12-24,A-01,P100,480,6
3062,2025-12-24,A-02,P200,396,6
3063,2025-12-24,A-03,P500,337,3
3064,2025-12-24,B-01,P100,459,16
3065,2025-12-24,B-02,P400,533,9
3066,2025-12-24,B-03,P600,637,10
3067,2025-12-24,C-01,P300,324,11
3068,2025-12-24,C-02,P300,338,11
3069,2025-12-24,C-03,P200,375,11
3070,2025-12-24,D-01,P500,363,7
3071,2025-12-24,D-02,P600,610,12
3072,2025-12-24,D-03,P400,577,7
3073,2025-12-25,A-01,P100,474,8
3074,2025-12-25,A-02,P200,353,5
3075,2025-12-25,A-03,P500,330,3
3076,2025-12-25,B-01,P100,515,7
3077,2025-12-25,B-02,P400,539,6
3078,2025-12-25,B-03,P600,687,12
3079,2025-12-25,C-01,P300,373,10
3080,2025-12-25,C-02,P300,327,12
3081,2025-12-25,C-03,P200,395,6
3082,2025-12-25,D-01,P500,338,2
3083,2025-12-25,D-02,P600,634,13
3084,2025-12-25,D-03,P400,582,10
3085,2025-12-26,A-01,P100,463,4
3086,2025-12-26,A-02,P200,371,8
3087,2025-12-26,A-03,P500,361,2
3088,2025-12-26,B-01,P100,520,16
3089,2025-12-26,B-02,P400,567,9
3090,2025-12-26,B-03,P600,604,10
3091,2025-12-26,C-01,P300,323,8
3092,2025-12-26,C-02,P300,349,18
3093,2025-12-26,C-03,P200,381,5
3094,2025-12-26,D-01,P500,387,4
3095,2025-12-26,D-02,P600,597,7
3096,2025-12-26,D-03,P400,532,11
3097,2025-12-29,A-01,P100,469,9
3098,2025-12-29,A-02,P200,350,8
3099,2025-12-29,A-03,P500,342,1
3100,2025-12-29,B-01,P100,548,8
3101,2025-12-29,B-02,P400,565,4
3102,2025-12-29,B-03,P600,605,15
3103,2025-12-29,C-01,P300,349,12
3104,2025-12-29,C-02,P300,368,16
3105,2025-12-29,C-03,P200,384,7
3106,2025-12-29,D-01,P500,379,8
3107,2025-12-29,D-02,P600,632,11
3108,2025-12-29,D-03,P400,496,7
3109,2025-12-30,A-01,P100,454,8
3110,2025-12-30,A-02,P200,414,10
3111,2025-12-30,A-03,P500,391,3
3112,2025-12-30,B-01,P100,519,12
3113,2025-12-30,B-02,P400,521,7
3114,2025-12-30,B-03,P600,543,9
3115,2025-12-30,C-01,P300,322,11
3116,2025-12-30,C-02,P300,320,14
3117,2025-12-30,C-03,P200,425,8
3118,2025-12-30,D-01,P500,326,3
3119,2025-12-30,D-02,P600,571,16
3120,2025-12-30,D-03,P400,536,10
3121,2025-12-31,A-01,P100,459,6
3122,2025-12-31,A-02,P200,413,6
3123,2025-12-31,A-03,P500,365,4
3124,2025-12-31,B-01,P100,490,13
3125,2025-12-31,B-02,P400,577,10
3126,2025-12-31,B-03,P600,605,16
3127,2025-12-31,C-01,P300,366,10
3128,2025-12-31,C-02,P300,328,12
3129,2025-12-31,C-03,P200,329,9
3130,2025-12-31,D-01,P500,361,5
3131,2025-12-31,D-02,P600,540,7
3132,2025-12-31,D-03,P400,558,13
